epoch,step,train/loss,train/mu_mse,train/sigma_nll,train/weight_entropy,val/best_component_rmse,val/dominant_component_allocation,val/dominant_component_rmse,val/loss,val/mu_mse,val/sigma_nll,val/weight_entropy
0,49,1.9854300022125244,0.9020696878433228,1.429933786392212,0.6931471824645996,,,,,,,
0,99,2.034899950027466,0.9826009273529053,1.39887273311615,0.6931471824645996,,,,,,,
0,149,2.056979179382324,0.9883688688278198,1.4151839017868042,0.6931471824645996,,,,,,,
0,199,1.848604440689087,0.8511374592781067,1.3440406322479248,0.6931471824645996,,,,,,,
0,199,,,,,0.9064644575119019,0.5,0.9613029956817627,1.8274726867675781,0.8432360291481018,1.3308098316192627,0.6931474804878235
1,249,1.7135543823242188,0.7742817401885986,1.28584623336792,0.6931471824645996,,,,,,,
1,299,1.6316614151000977,0.730073094367981,1.2481619119644165,0.6931471824645996,,,,,,,
1,349,1.4254511594772339,0.5834811925888062,1.1885435581207275,0.6931471824645996,,,,,,,
1,399,1.2402210235595703,0.5133734345436096,1.0734211206436157,0.6931471824645996,,,,,,,
1,399,,,,,0.6846128106117249,0.5,0.8638067245483398,1.2182623147964478,0.477853387594223,1.0869824886322021,0.6931474804878235
2,449,1.0811704397201538,0.3933204412460327,1.034423589706421,0.6931471824645996,,,,,,,
2,499,1.0651633739471436,0.4064081907272339,1.0053287744522095,0.6931471824645996,,,,,,,
2,549,0.8299754858016968,0.2884853184223175,0.8880637288093567,0.6931471824645996,,,,,,,
2,599,0.9034551382064819,0.32720401883125305,0.9228247404098511,0.6931471824645996,,,,,,,
2,599,,,,,0.5572526454925537,0.5,0.8497136831283569,0.8692675828933716,0.31684204936027527,0.8989990949630737,0.6931474804878235
3,649,0.7534873485565186,0.2774629294872284,0.8225980401039124,0.6931471824645996,,,,,,,
3,699,0.7403590679168701,0.25537359714508057,0.8315590620040894,0.6931471824645996,,,,,,,
3,749,0.636778712272644,0.21023640036582947,0.773115873336792,0.6931471824645996,,,,,,,
3,799,0.6437124013900757,0.2438894808292389,0.746396541595459,0.6931471824645996,,,,,,,
3,799,,,,,0.49370747804641724,0.5,0.8403264284133911,0.7084328532218933,0.24873295426368713,0.8062735795974731,0.6931474804878235
4,849,0.6384021043777466,0.24850711226463318,0.7364686131477356,0.6931471824645996,,,,,,,
4,899,0.6220543384552002,0.2319715917110443,0.7366563677787781,0.6931471824645996,,,,,,,
4,949,0.5900458097457886,0.2163742035627365,0.7202451825141907,0.6931471824645996,,,,,,,
4,999,0.6357112526893616,0.2247287780046463,0.7575560808181763,0.6931471824645996,,,,,,,
4,999,,,,,0.47121307253837585,0.5,0.8650029301643372,0.6724705100059509,0.227247416973114,0.7917967438697815,0.6931474804878235
5,1049,0.6066876649856567,0.20086818933486938,0.7523930668830872,0.6931471824645996,,,,,,,
5,1099,0.5967946648597717,0.19941264390945435,0.7439556121826172,0.6931471824645996,,,,,,,
5,1149,0.480815052986145,0.171688050031662,0.6557005643844604,0.6931471824645996,,,,,,,
5,1199,0.5171903371810913,0.21682998538017273,0.646933913230896,0.6931471824645996,,,,,,,
5,1199,,,,,0.4501938819885254,0.5,0.8524652123451233,0.4994836151599884,0.20541690289974213,0.6406404376029968,0.6931474804878235
6,1249,0.4869149923324585,0.19561809301376343,0.6378704905509949,0.6931471824645996,,,,,,,
6,1299,0.46504414081573486,0.19322195649147034,0.6183958053588867,0.6931471824645996,,,,,,,
6,1349,0.411935031414032,0.19418078660964966,0.5643278360366821,0.6931471824645996,,,,,,,
6,1399,0.5290572643280029,0.21434861421585083,0.6612822413444519,0.6931471824645996,,,,,,,
6,1399,,,,,0.4403016269207001,0.5,0.8630933165550232,0.4950217008590698,0.19777165353298187,0.6438235640525818,0.6931474804878235
7,1449,0.4029427766799927,0.1602744162082672,0.5892419219017029,0.6931471824645996,,,,,,,
7,1499,0.5031272172927856,0.2174261063337326,0.6322746872901917,0.6931471824645996,,,,,,,
7,1549,0.42249488830566406,0.1704321801662445,0.598636269569397,0.6931471824645996,,,,,,,
7,1599,0.5548456907272339,0.2576214075088501,0.6437978744506836,0.6931471824645996,,,,,,,
7,1599,,,,,0.44401779770851135,0.5,0.8694620132446289,0.45781370997428894,0.1999388039112091,0.6044484376907349,0.6931474804878235
8,1649,0.4079463481903076,0.19110651314258575,0.5634134411811829,0.6931471824645996,,,,,,,
8,1699,0.41281700134277344,0.17856386303901672,0.5808267593383789,0.6931471824645996,,,,,,,
8,1749,0.47753727436065674,0.20312955975532532,0.6209813356399536,0.6931471824645996,,,,,,,
8,1799,0.3700258135795593,0.1802213191986084,0.5363780856132507,0.6931471824645996,,,,,,,
8,1799,,,,,0.4366891384124756,0.5,0.8638474345207214,0.4178822636604309,0.19409829378128052,0.570357620716095,0.6931474804878235
9,1849,0.39273178577423096,0.16944558918476105,0.5698598027229309,0.6931471824645996,,,,,,,
9,1899,0.3422807455062866,0.15002304315567017,0.5388312935829163,0.6931471824645996,,,,,,,
9,1949,0.3450244665145874,0.1993599534034729,0.4922381341457367,0.6931471824645996,,,,,,,
9,1999,0.3550484776496887,0.16112637519836426,0.5404956936836243,0.6931471824645996,,,,,,,
9,1999,,,,,0.428512305021286,0.5,0.8625982999801636,0.3544868528842926,0.18868865072727203,0.512371838092804,0.6931474804878235
10,2049,0.39960071444511414,0.23274360597133636,0.5133448243141174,0.6929754614830017,,,,,,,
10,2099,0.32575729489326477,0.23172396421432495,0.4405790865421295,0.6930915713310242,,,,,,,
10,2149,0.45390617847442627,0.26977625489234924,0.5305889844894409,0.692918062210083,,,,,,,
10,2199,0.3946646749973297,0.227175772190094,0.5139511227607727,0.692924439907074,,,,,,,
10,2199,,,,,0.42712366580963135,0.5138756036758423,0.8316402435302734,0.4224591851234436,0.2408817559480667,0.527947187423706,0.6927395462989807
11,2249,0.3943997919559479,0.23534783720970154,0.5055999755859375,0.6930961012840271,,,,,,,
11,2299,0.33444833755493164,0.22438989579677582,0.4566158950328827,0.6931148767471313,,,,,,,
11,2349,0.37184572219848633,0.23321497440338135,0.4849696755409241,0.6926778554916382,,,,,,,
11,2399,0.5939140319824219,0.2973807454109192,0.643082320690155,0.6930980086326599,,,,,,,
11,2399,,,,,0.42885249853134155,0.5062130093574524,0.8758884072303772,0.44474729895591736,0.2415555715560913,0.54971843957901,0.6930534839630127
12,2449,0.4717171788215637,0.26466721296310425,0.5535934567451477,0.6930869817733765,,,,,,,
12,2499,0.5114327669143677,0.2570457458496094,0.60085129737854,0.6929286122322083,,,,,,,
12,2549,0.311800479888916,0.22648602724075317,0.43167227506637573,0.6927156448364258,,,,,,,
12,2599,0.301530122756958,0.22114595770835876,0.4269057810306549,0.6930432319641113,,,,,,,
12,2599,,,,,0.4245775043964386,0.5045050382614136,0.8508365750312805,0.37841859459877014,0.23986338078975677,0.48509925603866577,0.6930878162384033
13,2649,0.2688417434692383,0.20628157258033752,0.4090730547904968,0.6930258274078369,,,,,,,
13,2699,0.3860560655593872,0.2179974764585495,0.5142084360122681,0.6922997236251831,,,,,,,
13,2749,0.4216194152832031,0.23556478321552277,0.5325567126274109,0.6930041313171387,,,,,,,
13,2799,0.4070189297199249,0.2688543498516083,0.48467883467674255,0.6930285096168518,,,,,,,
13,2799,,,,,0.42472153902053833,0.5030027031898499,0.8787762522697449,0.3351413905620575,0.23874758183956146,0.44295454025268555,0.6931214332580566
14,2849,0.37511736154556274,0.25179603695869446,0.4698113203048706,0.6929799318313599,,,,,,,
14,2899,0.3315940499305725,0.25162336230278015,0.42634761333465576,0.6927539110183716,,,,,,,
14,2949,0.409567654132843,0.26964476704597473,0.4863966405391693,0.692947506904602,,,,,,,
14,2999,0.34745556116104126,0.2521933317184448,0.44171810150146484,0.6929117441177368,,,,,,,
14,2999,,,,,0.4212230145931244,0.5063397884368896,0.8752596378326416,0.3439069986343384,0.23549750447273254,0.4549312889575958,0.6930433511734009
15,3049,0.25149670243263245,0.2203398048877716,0.37760159373283386,0.692889392375946,,,,,,,
15,3099,0.3181597590446472,0.22997744381427765,0.4347279369831085,0.6930912733078003,,,,,,,
15,3149,0.31678807735443115,0.25702160596847534,0.4061567783355713,0.692780613899231,,,,,,,
15,3199,0.2856064736843109,0.24577349424362183,0.3862895965576172,0.6929132342338562,,,,,,,
15,3199,,,,,0.4204948842525482,0.5069356560707092,0.8649819493293762,0.27427658438682556,0.23421306908130646,0.3865851163864136,0.6930432915687561
16,3249,0.24769777059555054,0.21685320138931274,0.3773837685585022,0.6930783987045288,,,,,,,
16,3299,0.10136878490447998,0.21134938299655914,0.2365877330303192,0.6931366920471191,,,,,,,
16,3349,0.38796550035476685,0.27018895745277405,0.46427664160728455,0.6930001974105835,,,,,,,
16,3399,0.3152332305908203,0.23362460732460022,0.42816591262817383,0.6931145191192627,,,,,,,
16,3399,,,,,0.4220758080482483,0.5077630877494812,0.8366186022758484,0.29740720987319946,0.2352144867181778,0.40869492292404175,0.6930043697357178
17,3449,0.1785956621170044,0.23351341485977173,0.29151397943496704,0.6928634643554688,,,,,,,
17,3499,0.30468055605888367,0.26132944226264954,0.3897615373134613,0.6928208470344543,,,,,,,
17,3549,0.407886803150177,0.2418084740638733,0.5125565528869629,0.6929564476013184,,,,,,,
17,3599,0.371559202671051,0.28349602222442627,0.434440016746521,0.6927536725997925,,,,,,,
17,3599,,,,,0.4202120900154114,0.5121422410011292,0.8309144973754883,0.2913025915622711,0.2333732545375824,0.4043460190296173,0.692833423614502
18,3649,0.3256795108318329,0.24009236693382263,0.43213599920272827,0.6930976510047913,,,,,,,
18,3699,0.3040987551212311,0.22222647070884705,0.4282557964324951,0.6927670836448669,,,,,,,
18,3749,0.22635310888290405,0.22225967049598694,0.35056936740875244,0.6929517984390259,,,,,,,
18,3799,0.16181433200836182,0.2410999983549118,0.26707860827445984,0.6927285194396973,,,,,,,
18,3799,,,,,0.4185299575328827,0.5091298818588257,0.8357662558555603,0.20841358602046967,0.2331797033548355,0.32171380519866943,0.6929598450660706
19,3849,0.3216196894645691,0.27769461274147034,0.39045706391334534,0.6930639743804932,,,,,,,
19,3899,0.21411573886871338,0.23339413106441498,0.3271133601665497,0.6927834749221802,,,,,,,
19,3949,0.19545483589172363,0.2341126948595047,0.307782918214798,0.6928815841674805,,,,,,,
19,3999,0.19725823402404785,0.21962863206863403,0.32419660687446594,0.693134069442749,,,,,,,
19,3999,,,,,0.41805073618888855,0.5021284818649292,0.8536852598190308,0.2030259072780609,0.23244260251522064,0.31714969873428345,0.693132758140564
20,4049,0.1486787497997284,0.2005676031112671,0.294677734375,0.6931331753730774,,,,,,,
20,4099,0.22782570123672485,0.22844085097312927,0.3459177315235138,0.6930657625198364,,,,,,,
20,4149,0.2139555811882019,0.22678810358047485,0.3337334096431732,0.6931318044662476,,,,,,,
20,4199,0.10630324482917786,0.18847206234931946,0.26436394453048706,0.6930655241012573,,,,,,,
20,4199,,,,,0.41487371921539307,0.5017048716545105,0.8502611517906189,0.16447299718856812,0.22965209186077118,0.28138992190361023,0.6931378841400146
21,4249,0.08438223600387573,0.20012250542640686,0.23064197599887848,0.6927645206451416,,,,,,,
21,4299,0.11570614576339722,0.20880816876888275,0.25346219539642334,0.6931284666061401,,,,,,,
21,4349,0.2304876148700714,0.24974951148033142,0.32726702094078064,0.6930578351020813,,,,,,,
21,4399,0.17353126406669617,0.24173890054225922,0.2783620357513428,0.693139374256134,,,,,,,
21,4399,,,,,0.41246214509010315,0.5047112703323364,0.8715819120407104,0.12939630448818207,0.2280997931957245,0.24784357845783234,0.69309401512146
22,4449,0.18590134382247925,0.2377139776945114,0.2947516441345215,0.6931285858154297,,,,,,,
22,4499,0.10378307104110718,0.1986308991909027,0.25158682465553284,0.6928693056106567,,,,,,,
22,4549,0.2179865837097168,0.23898831009864807,0.3254848122596741,0.6929731369018555,,,,,,,
22,4599,0.08480873703956604,0.21731433272361755,0.21405833959579468,0.6931278705596924,,,,,,,
22,4599,,,,,0.4131625294685364,0.5027642846107483,0.8643341064453125,0.12239205837249756,0.22871358692646027,0.24024029076099396,0.6931236386299133
23,4649,0.1848142147064209,0.22237065434455872,0.3090088665485382,0.693130612373352,,,,,,,
23,4699,0.10777479410171509,0.22687877714633942,0.22735440731048584,0.692916750907898,,,,,,,
23,4749,0.02340114116668701,0.19667300581932068,0.17329566180706024,0.6931350231170654,,,,,,,
23,4799,0.10984483361244202,0.2178877592086792,0.23852524161338806,0.6931363344192505,,,,,,,
23,4799,,,,,0.4127362370491028,0.5021860599517822,0.8573170900344849,0.11240126192569733,0.22908127307891846,0.2298867255449295,0.6931335926055908
24,4849,0.22381341457366943,0.2683241665363312,0.3020152449607849,0.6930520534515381,,,,,,,
24,4899,0.08263194561004639,0.231673002243042,0.19743798673152924,0.6929581165313721,,,,,,,
24,4949,0.1364116072654724,0.2373742014169693,0.24559539556503296,0.6931159496307373,,,,,,,
24,4999,0.04007601737976074,0.1830255091190338,0.20360974967479706,0.6931184530258179,,,,,,,
24,4999,,,,,0.41135990619659424,0.5042219758033752,0.8668445348739624,0.08366968482732773,0.2265860140323639,0.20363561809062958,0.6931039690971375
25,5049,0.07192984223365784,0.22574084997177124,0.19274672865867615,0.6931154727935791,,,,,,,
25,5099,0.10688379406929016,0.20603060722351074,0.24732224643230438,0.6929381489753723,,,,,,,
25,5149,0.01699697971343994,0.21519073843955994,0.1483723223209381,0.6931321620941162,,,,,,,
25,5199,0.15215259790420532,0.22076305747032166,0.2778421938419342,0.6929053068161011,,,,,,,
25,5199,,,,,0.41179749369621277,0.5103952884674072,0.8665353655815125,0.08672434091567993,0.22729867696762085,0.20588302612304688,0.6929146647453308
26,5249,-0.11271454393863678,0.19013580679893494,0.043670494109392166,0.6930416822433472,,,,,,,
26,5299,-0.07654395699501038,0.18748143315315247,0.0824902206659317,0.6930312514305115,,,,,,,
26,5349,0.12575501203536987,0.2592073082923889,0.21309113502502441,0.6930868625640869,,,,,,,
26,5399,-0.06228193640708923,0.20111806690692902,0.08313994854688644,0.6930798888206482,,,,,,,
26,5399,,,,,0.4118765592575073,0.5046736001968384,0.8351651430130005,0.05374283343553543,0.22718292474746704,0.17310772836208344,0.6930957436561584
27,5449,-0.07164379954338074,0.1924092173576355,0.08251336961984634,0.693132758140564,,,,,,,
27,5499,-0.05741924047470093,0.22323274612426758,0.06591428071260452,0.6931325197219849,,,,,,,
27,5549,0.08579260110855103,0.2510719299316406,0.18125160038471222,0.6930618286132812,,,,,,,
27,5599,0.055751681327819824,0.2366815209388733,0.16563700139522552,0.6931337118148804,,,,,,,
27,5599,,,,,0.40891510248184204,0.5017330050468445,0.8568499088287354,0.042490385472774506,0.22586111724376678,0.1631983518600464,0.6931381821632385
28,5649,0.035339027643203735,0.2247048318386078,0.1572040468454361,0.6931397318840027,,,,,,,
28,5699,-0.03606992959976196,0.20589613914489746,0.10456838458776474,0.6930689215660095,,,,,,,
28,5749,0.11173516511917114,0.2475869506597519,0.21071943640708923,0.6931424140930176,,,,,,,
28,5799,-0.046831101179122925,0.2119695246219635,0.08776569366455078,0.6931326389312744,,,,,,,
28,5799,,,,,0.40919792652130127,0.5013939738273621,0.8530460000038147,0.009325655177235603,0.22504830360412598,0.13084787130355835,0.693140983581543
29,5849,-0.09866276383399963,0.2273632287979126,0.020528221502900124,0.6931084394454956,,,,,,,
29,5899,0.042832911014556885,0.23679929971694946,0.15256069600582123,0.69305419921875,,,,,,,
29,5949,-0.02562546730041504,0.21150891482830048,0.10942593961954117,0.6931206583976746,,,,,,,
29,5999,0.11258882284164429,0.2408062368631363,0.2183522880077362,0.6931394338607788,,,,,,,
29,5999,,,,,0.4083038866519928,0.5015236139297485,0.8379160761833191,0.0011629844084382057,0.22450906038284302,0.12322387099266052,0.693139910697937
30,6049,-0.011425107717514038,0.22281664609909058,0.1123259887099266,0.6931354999542236,,,,,,,
30,6099,-0.13432219624519348,0.19318696856498718,0.019007032737135887,0.6930323839187622,,,,,,,
30,6149,-0.14921048283576965,0.19694966077804565,0.0004073666059412062,0.6931350231170654,,,,,,,
30,6199,-0.029530107975006104,0.22903914749622345,0.08800004422664642,0.693138599395752,,,,,,,
30,6199,,,,,0.4076502323150635,0.5015206336975098,0.8674980998039246,-0.03643488883972168,0.22406801581382751,0.08606719970703125,0.6931402087211609
31,6249,-0.008723318576812744,0.22674372792243958,0.11109121888875961,0.6931165456771851,,,,,,,
31,6299,0.07459810376167297,0.23203258216381073,0.1891372948884964,0.6931435465812683,,,,,,,
31,6349,0.02830490469932556,0.23741312325000763,0.13746345043182373,0.6931433081626892,,,,,,,
31,6399,-0.0543995201587677,0.2083301842212677,0.08381731063127518,0.69309401512146,,,,,,,
31,6399,,,,,0.40733635425567627,0.5042942762374878,0.8320270776748657,-0.03563866764307022,0.2238580733537674,0.08705665916204453,0.6931067705154419
32,6449,-0.046288102865219116,0.2400965690612793,0.06016537919640541,0.693100094795227,,,,,,,
32,6499,-0.18054229021072388,0.1964791715145111,-0.030468974262475967,0.6931049823760986,,,,,,,
32,6549,-0.17439675331115723,0.21106530725955963,-0.03889213502407074,0.6931398510932922,,,,,,,
32,6599,0.0031270086765289307,0.21206551790237427,0.13762712478637695,0.6931312680244446,,,,,,,
32,6599,,,,,0.40694907307624817,0.5020926594734192,0.8298304080963135,-0.05013713613152504,0.22366294264793396,0.07276766747236252,0.6931356191635132
33,6649,-0.07090124487876892,0.21184690296649933,0.06382299959659576,0.693142294883728,,,,,,,
33,6699,0.23882615566253662,0.29846468567848206,0.2869230806827545,0.6931232213973999,,,,,,,
33,6749,-0.06878164410591125,0.21259233355522156,0.06518122553825378,0.6931104063987732,,,,,,,
33,6799,-0.17761735618114471,0.21374192833900452,-0.04479170963168144,0.693135142326355,,,,,,,
33,6799,,,,,0.40688562393188477,0.5025447010993958,0.8339462876319885,-0.058260727673769,0.22330528497695923,0.0650002583861351,0.6931325793266296
34,6849,-0.017072677612304688,0.23463983833789825,0.09485148638486862,0.6931279897689819,,,,,,,
34,6899,-0.05040323734283447,0.24443680047988892,0.05172848701477051,0.6931370496749878,,,,,,,
34,6949,-0.02930659055709839,0.21296754479408264,0.10428594052791595,0.6931201219558716,,,,,,,
34,6999,0.008940815925598145,0.2660664916038513,0.08944548666477203,0.693142294883728,,,,,,,
34,6999,,,,,0.40596312284469604,0.5017649531364441,0.835588276386261,-0.07015147060155869,0.22295977175235748,0.05345867946743965,0.6931398510932922
35,7049,0.020053207874298096,0.19375057518482208,0.1728728860616684,0.6931405067443848,,,,,,,
35,7099,-0.23905982077121735,0.17164283990859985,-0.06413091719150543,0.6931434869766235,,,,,,,
35,7149,-0.1614566296339035,0.22619056701660156,-0.04107873514294624,0.6931369304656982,,,,,,,
35,7199,-0.09279298782348633,0.23855380713939667,0.01521851122379303,0.693130612373352,,,,,,,
35,7199,,,,,0.4059451222419739,0.5025516748428345,0.8322269320487976,-0.07764186710119247,0.2231665849685669,0.045758165419101715,0.6931332349777222
36,7249,-0.021203935146331787,0.25406551361083984,0.07130174338817596,0.6931424140930176,,,,,,,
36,7299,0.16448602080345154,0.2608417272567749,0.25021639466285706,0.6931441426277161,,,,,,,
36,7349,-0.13707828521728516,0.20834261178970337,0.0011490313336253166,0.6931398510932922,,,,,,,
36,7399,-0.11283916234970093,0.21882010996341705,0.014914046972990036,0.6931466460227966,,,,,,,
36,7399,,,,,0.4059140980243683,0.5005178451538086,0.8349870443344116,-0.08062689006328583,0.2226848006248474,0.043261464685201645,0.6931461691856384
37,7449,-0.1412847489118576,0.21167433261871338,-0.006387042813003063,0.6931440830230713,,,,,,,
37,7499,-0.0934472382068634,0.2363795042037964,0.016745900735259056,0.6931452751159668,,,,,,,
37,7549,-0.16367207467556,0.2225072830915451,-0.039608120918273926,0.6931424736976624,,,,,,,
37,7599,-0.13915206491947174,0.2023906111717224,0.005030503496527672,0.6931463479995728,,,,,,,
37,7599,,,,,0.40578392148017883,0.5005180239677429,0.8519896268844604,-0.08563324809074402,0.22259682416915894,0.03834311664104462,0.6931461691856384
38,7649,-0.20434072613716125,0.19191744923591614,-0.049687035381793976,0.693142294883728,,,,,,,
38,7699,-0.12337823212146759,0.19895222783088684,0.024242445826530457,0.6931458115577698,,,,,,,
38,7749,0.04087838530540466,0.23777015507221222,0.149679496884346,0.6931425333023071,,,,,,,
38,7799,-0.19305825233459473,0.22191469371318817,-0.06839973479509354,0.6931464076042175,,,,,,,
38,7799,,,,,0.4056728780269623,0.5005160570144653,0.8518710732460022,-0.08746612817049026,0.22243919968605042,0.036667823791503906,0.6931461691856384
39,7849,-0.06553879380226135,0.24410024285316467,0.03693404793739319,0.6931461691856384,,,,,,,
39,7899,-0.17762580513954163,0.2104896605014801,-0.04154228791594505,0.6931463479995728,,,,,,,
39,7949,-0.12810666859149933,0.22107157111167908,-0.002604915527626872,0.6931466460227966,,,,,,,
39,7999,-0.04270687699317932,0.21856245398521423,0.08530378341674805,0.6931462287902832,,,,,,,
39,7999,,,,,0.40571972727775574,0.5004938840866089,0.8530546426773071,-0.0876290574669838,0.22244997322559357,0.0364941731095314,0.6931461691856384
