epoch,step,train/cfm_loss,train/loss,val/best_sample_rmse,val/cfm_loss,val/loss,val/rank_std,val/sample_mean_rmse,val/sample_spread
0,99,2.0842318534851074,2.0842318534851074,,,,,,
0,199,1.7577155828475952,1.7577155828475952,,,,,,
0,199,,,0.9867882132530212,1.7627149820327759,1.7627149820327759,1.0013055801391602,1.0148077011108398,1.0112558603286743
1,299,1.5053110122680664,1.5053110122680664,,,,,,
1,399,1.4947839975357056,1.4947839975357056,,,,,,
1,399,,,0.9777287244796753,1.6830655336380005,1.6830655336380005,1.0188698768615723,1.0105364322662354,0.9753895401954651
2,499,1.5398699045181274,1.5398699045181274,,,,,,
2,599,1.5905894041061401,1.5905894041061401,,,,,,
2,599,,,0.9770582914352417,1.684984564781189,1.684984564781189,1.0208858251571655,1.0134066343307495,0.974055826663971
3,699,1.579163670539856,1.579163670539856,,,,,,
3,799,1.8215587139129639,1.8215587139129639,,,,,,
3,799,,,0.9763995409011841,1.6588220596313477,1.6588220596313477,1.0193564891815186,1.0098381042480469,0.9741067290306091
4,899,1.6814197301864624,1.6814197301864624,,,,,,
4,999,1.7523165941238403,1.7523165941238403,,,,,,
4,999,,,0.9783290028572083,1.6588921546936035,1.6588921546936035,1.0218709707260132,1.011192798614502,0.9694076776504517
5,1099,1.7901644706726074,1.7901644706726074,,,,,,
5,1199,1.5602805614471436,1.5602805614471436,,,,,,
5,1199,,,0.9940778017044067,1.6547682285308838,1.6547682285308838,0.9977332353591919,1.0125280618667603,1.0136628150939941
6,1299,1.7382802963256836,1.7382802963256836,,,,,,
6,1399,1.4783267974853516,1.4783267974853516,,,,,,
6,1399,,,0.9722878932952881,1.647415280342102,1.647415280342102,1.0256826877593994,1.0100756883621216,0.9639068841934204
7,1499,1.7595118284225464,1.7595118284225464,,,,,,
7,1599,1.5511001348495483,1.5511001348495483,,,,,,
7,1599,,,1.0015853643417358,1.6441601514816284,1.6441601514816284,0.9854411482810974,1.0114349126815796,1.035447359085083
8,1699,1.7585172653198242,1.7585172653198242,,,,,,
8,1799,1.8306074142456055,1.8306074142456055,,,,,,
8,1799,,,0.9801390767097473,1.646902322769165,1.646902322769165,1.0115340948104858,1.0085512399673462,0.9867616295814514
9,1899,1.5404704809188843,1.5404704809188843,,,,,,
9,1999,1.6761090755462646,1.6761090755462646,,,,,,
9,1999,,,0.9793314933776855,1.6441807746887207,1.6441807746887207,1.0164425373077393,1.010744571685791,0.9774723649024963
10,2099,1.5909532308578491,1.5909532308578491,,,,,,
10,2199,1.6240755319595337,1.6240755319595337,,,,,,
10,2199,,,0.9763434529304504,1.644412875175476,1.644412875175476,1.0112278461456299,1.009905219078064,0.9876983165740967
11,2299,1.6950628757476807,1.6950628757476807,,,,,,
11,2399,1.6214659214019775,1.6214659214019775,,,,,,
11,2399,,,0.9877467751502991,1.639158010482788,1.639158010482788,1.0086824893951416,1.0127496719360352,0.9942874908447266
12,2499,1.4748148918151855,1.4748148918151855,,,,,,
12,2599,1.5743411779403687,1.5743411779403687,,,,,,
12,2599,,,0.9923551082611084,1.6471260786056519,1.6471260786056519,1.0010685920715332,1.0119818449020386,1.0060616731643677
13,2699,1.7807974815368652,1.7807974815368652,,,,,,
13,2799,1.4949800968170166,1.4949800968170166,,,,,,
13,2799,,,0.9766119122505188,1.6391521692276,1.6391521692276,1.0174415111541748,1.0104008913040161,0.9766457676887512
14,2899,1.6553659439086914,1.6553659439086914,,,,,,
14,2999,1.597157597541809,1.597157597541809,,,,,,
14,2999,,,0.990260124206543,1.6333693265914917,1.6333693265914917,0.9948943853378296,1.0071027278900146,1.0132535696029663
15,3099,1.6953940391540527,1.6953940391540527,,,,,,
15,3199,1.5056333541870117,1.5056333541870117,,,,,,
15,3199,,,0.970822274684906,1.6374872922897339,1.6374872922897339,1.0185980796813965,1.0094740390777588,0.9715639352798462
16,3299,1.6229718923568726,1.6229718923568726,,,,,,
16,3399,1.6552003622055054,1.6552003622055054,,,,,,
16,3399,,,0.9802617430686951,1.6332664489746094,1.6332664489746094,1.0126248598098755,1.0101375579833984,0.9857128262519836
17,3499,1.6063019037246704,1.6063019037246704,,,,,,
17,3599,1.7192118167877197,1.7192118167877197,,,,,,
17,3599,,,0.9719148874282837,1.627859115600586,1.627859115600586,1.0228524208068848,1.0098459720611572,0.9626661539077759
18,3699,1.6445108652114868,1.6445108652114868,,,,,,
18,3799,1.7664527893066406,1.7664527893066406,,,,,,
18,3799,,,0.9752652049064636,1.6328504085540771,1.6328504085540771,1.0210367441177368,1.0108872652053833,0.9695370197296143
19,3899,1.472883939743042,1.472883939743042,,,,,,
19,3999,1.746678113937378,1.746678113937378,,,,,,
19,3999,,,0.9852659106254578,1.6232414245605469,1.6232414245605469,1.011319875717163,1.0101162195205688,0.9874373078346252
20,4099,1.649811029434204,1.649811029434204,,,,,,
20,4199,1.724545955657959,1.724545955657959,,,,,,
20,4199,,,0.9735284447669983,1.6271014213562012,1.6271014213562012,1.0190149545669556,1.0079644918441772,0.9685969352722168
21,4299,1.5236434936523438,1.5236434936523438,,,,,,
21,4399,1.6424498558044434,1.6424498558044434,,,,,,
21,4399,,,0.9872198700904846,1.6258418560028076,1.6258418560028076,1.0122439861297607,1.0140656232833862,0.9837722182273865
22,4499,1.8204058408737183,1.8204058408737183,,,,,,
22,4599,1.749159812927246,1.749159812927246,,,,,,
22,4599,,,0.9836059808731079,1.6217981576919556,1.6217981576919556,1.0105928182601929,1.0100395679473877,0.9840623140335083
23,4699,1.6898181438446045,1.6898181438446045,,,,,,
23,4799,1.5373262166976929,1.5373262166976929,,,,,,
23,4799,,,0.983982503414154,1.6219508647918701,1.6219508647918701,1.0098235607147217,1.0125021934509277,0.9909176826477051
24,4899,1.5445765256881714,1.5445765256881714,,,,,,
24,4999,1.5674227476119995,1.5674227476119995,,,,,,
24,4999,,,0.9807113409042358,1.62606942653656,1.62606942653656,1.0138270854949951,1.0122028589248657,0.9840058088302612
25,5099,1.5984656810760498,1.5984656810760498,,,,,,
25,5199,1.5984541177749634,1.5984541177749634,,,,,,
25,5199,,,0.9847813248634338,1.6193941831588745,1.6193941831588745,1.0057505369186401,1.0109907388687134,0.9946241974830627
26,5299,1.4996057748794556,1.4996057748794556,,,,,,
26,5399,1.6048036813735962,1.6048036813735962,,,,,,
26,5399,,,0.9851605892181396,1.6189935207366943,1.6189935207366943,1.0051524639129639,1.0108473300933838,0.9950788617134094
27,5499,1.625043511390686,1.625043511390686,,,,,,
27,5599,1.679645299911499,1.679645299911499,,,,,,
27,5599,,,0.9739269018173218,1.6261625289916992,1.6261625289916992,1.0224554538726807,1.0110152959823608,0.9663591384887695
28,5699,1.5736303329467773,1.5736303329467773,,,,,,
28,5799,1.520339012145996,1.520339012145996,,,,,,
28,5799,,,0.9919883608818054,1.6198660135269165,1.6198660135269165,0.9992486834526062,1.0106031894683838,1.0069164037704468
29,5899,1.894386649131775,1.894386649131775,,,,,,
29,5999,1.5002081394195557,1.5002081394195557,,,,,,
29,5999,,,0.9894623756408691,1.6155946254730225,1.6155946254730225,1.005005955696106,1.0103223323822021,0.9956128597259521
30,6099,1.6325639486312866,1.6325639486312866,,,,,,
30,6199,1.6754381656646729,1.6754381656646729,,,,,,
30,6199,,,0.9889450669288635,1.625643014907837,1.625643014907837,0.9992213845252991,1.010663628578186,1.0045826435089111
31,6299,1.5132609605789185,1.5132609605789185,,,,,,
31,6399,1.4593642950057983,1.4593642950057983,,,,,,
31,6399,,,0.9760021567344666,1.6178818941116333,1.6178818941116333,1.0128918886184692,1.0078976154327393,0.9763044118881226
32,6499,1.4360630512237549,1.4360630512237549,,,,,,
32,6599,1.668855905532837,1.668855905532837,,,,,,
32,6599,,,0.9831468462944031,1.6184720993041992,1.6184720993041992,1.0099258422851562,1.0096635818481445,0.9855872988700867
33,6699,1.5279884338378906,1.5279884338378906,,,,,,
33,6799,1.5803091526031494,1.5803091526031494,,,,,,
33,6799,,,0.9765371084213257,1.6071903705596924,1.6071903705596924,1.0161393880844116,1.0089373588562012,0.9743993282318115
34,6899,1.7330472469329834,1.7330472469329834,,,,,,
34,6999,1.7671664953231812,1.7671664953231812,,,,,,
34,6999,,,0.9818707704544067,1.6164706945419312,1.6164706945419312,1.0049858093261719,1.0122345685958862,0.9991929531097412
35,7099,1.618216872215271,1.618216872215271,,,,,,
35,7199,1.6221386194229126,1.6221386194229126,,,,,,
35,7199,,,0.9811788201332092,1.6082231998443604,1.6082231998443604,1.007164478302002,1.0103667974472046,0.9921824336051941
36,7299,1.6780935525894165,1.6780935525894165,,,,,,
36,7399,1.4418944120407104,1.4418944120407104,,,,,,
36,7399,,,0.9810375571250916,1.6137323379516602,1.6137323379516602,1.015756368637085,1.0110656023025513,0.9784907102584839
37,7499,1.7783193588256836,1.7783193588256836,,,,,,
37,7599,1.7810964584350586,1.7810964584350586,,,,,,
37,7599,,,0.9904876351356506,1.6197948455810547,1.6197948455810547,0.9976855516433716,1.0121642351150513,1.0089601278305054
38,7699,1.5745775699615479,1.5745775699615479,,,,,,
38,7799,1.550790786743164,1.550790786743164,,,,,,
38,7799,,,0.9793805480003357,1.6251945495605469,1.6251945495605469,1.0103050470352173,1.0106101036071777,0.9881907105445862
39,7899,1.6489531993865967,1.6489531993865967,,,,,,
39,7999,1.462000846862793,1.462000846862793,,,,,,
39,7999,,,0.9793550372123718,1.6165395975112915,1.6165395975112915,1.012981653213501,1.009690761566162,0.981419563293457
40,8099,1.471270203590393,1.471270203590393,,,,,,
40,8199,1.6532189846038818,1.6532189846038818,,,,,,
40,8199,,,0.9805289506912231,1.6138683557510376,1.6138683557510376,1.013188362121582,1.0106796026229858,0.9793069958686829
41,8299,1.6053190231323242,1.6053190231323242,,,,,,
41,8399,1.8054603338241577,1.8054603338241577,,,,,,
41,8399,,,0.9828252792358398,1.6171001195907593,1.6171001195907593,1.0087335109710693,1.0085211992263794,0.9877879023551941
42,8499,1.616387128829956,1.616387128829956,,,,,,
42,8599,1.5331405401229858,1.5331405401229858,,,,,,
42,8599,,,0.9769433736801147,1.6128119230270386,1.6128119230270386,1.013002872467041,1.007918357849121,0.9797645807266235
43,8699,1.6584672927856445,1.6584672927856445,,,,,,
43,8799,1.5197330713272095,1.5197330713272095,,,,,,
43,8799,,,0.9820160865783691,1.615552306175232,1.615552306175232,1.0070323944091797,1.009630799293518,0.9913458228111267
44,8899,1.5801044702529907,1.5801044702529907,,,,,,
44,8999,1.4259955883026123,1.4259955883026123,,,,,,
44,8999,,,0.9718051552772522,1.6127620935440063,1.6127620935440063,1.0223631858825684,1.0103336572647095,0.9661127328872681
45,9099,1.7219802141189575,1.7219802141189575,,,,,,
45,9199,1.6837396621704102,1.6837396621704102,,,,,,
45,9199,,,0.973605215549469,1.6079977750778198,1.6079977750778198,1.0258386135101318,1.0103639364242554,0.9570889472961426
46,9299,1.6644418239593506,1.6644418239593506,,,,,,
46,9399,1.5869711637496948,1.5869711637496948,,,,,,
46,9399,,,0.9774796366691589,1.6150904893875122,1.6150904893875122,1.0092504024505615,1.0086257457733154,0.9852839112281799
47,9499,1.5729994773864746,1.5729994773864746,,,,,,
47,9599,1.4822787046432495,1.4822787046432495,,,,,,
47,9599,,,0.9765110015869141,1.6127910614013672,1.6127910614013672,1.0056085586547852,1.0083017349243164,0.9893049001693726
48,9699,1.6121364831924438,1.6121364831924438,,,,,,
48,9799,1.696337103843689,1.696337103843689,,,,,,
48,9799,,,0.9713237285614014,1.609884262084961,1.609884262084961,1.0200591087341309,1.0101600885391235,0.9678525924682617
49,9899,1.577267050743103,1.577267050743103,,,,,,
49,9999,1.5878496170043945,1.5878496170043945,,,,,,
49,9999,,,0.9729281663894653,1.6018834114074707,1.6018834114074707,1.016467809677124,1.0105122327804565,0.9700495004653931
50,10099,1.7054551839828491,1.7054551839828491,,,,,,
50,10199,1.563536286354065,1.563536286354065,,,,,,
50,10199,,,0.9695088267326355,1.600110650062561,1.600110650062561,1.0139621496200562,1.007228970527649,0.9616187214851379
51,10299,1.7407095432281494,1.7407095432281494,,,,,,
51,10399,1.580153226852417,1.580153226852417,,,,,,
51,10399,,,0.9722422361373901,1.60826575756073,1.60826575756073,1.0205605030059814,1.011470913887024,0.962928056716919
52,10499,1.4873844385147095,1.4873844385147095,,,,,,
52,10599,1.6579389572143555,1.6579389572143555,,,,,,
52,10599,,,0.9768440127372742,1.599509835243225,1.599509835243225,0.9997696876525879,1.009765863418579,0.9898887872695923
53,10699,1.3486384153366089,1.3486384153366089,,,,,,
53,10799,1.5678489208221436,1.5678489208221436,,,,,,
53,10799,,,0.9732550978660583,1.5974583625793457,1.5974583625793457,1.0112459659576416,1.0124502182006836,0.9778470396995544
54,10899,1.6027183532714844,1.6027183532714844,,,,,,
54,10999,1.576473593711853,1.576473593711853,,,,,,
54,10999,,,0.971489667892456,1.5991263389587402,1.5991263389587402,1.0167537927627563,1.0082851648330688,0.9721541404724121
55,11099,1.4550971984863281,1.4550971984863281,,,,,,
55,11199,1.552117109298706,1.552117109298706,,,,,,
55,11199,,,0.9687349796295166,1.5973998308181763,1.5973998308181763,1.01078462600708,1.0082353353500366,0.9691877961158752
56,11299,1.5585657358169556,1.5585657358169556,,,,,,
56,11399,1.6744741201400757,1.6744741201400757,,,,,,
56,11399,,,0.9761252999305725,1.5953532457351685,1.5953532457351685,1.00038480758667,1.0126153230667114,0.9861919283866882
57,11499,1.494114637374878,1.494114637374878,,,,,,
57,11599,1.5883678197860718,1.5883678197860718,,,,,,
57,11599,,,0.9680492281913757,1.5927914381027222,1.5927914381027222,0.9966638088226318,1.007651448249817,0.9830161333084106
58,11699,1.5147937536239624,1.5147937536239624,,,,,,
58,11799,1.5445760488510132,1.5445760488510132,,,,,,
58,11799,,,0.9584089517593384,1.5881811380386353,1.5881811380386353,1.033586025238037,1.0086522102355957,0.9401443004608154
59,11899,1.6125819683074951,1.6125819683074951,,,,,,
59,11999,1.6203155517578125,1.6203155517578125,,,,,,
59,11999,,,0.974520206451416,1.5932743549346924,1.5932743549346924,1.0164154767990112,1.0081795454025269,0.9779435992240906
60,12099,1.4344156980514526,1.4344156980514526,,,,,,
60,12199,1.658862829208374,1.658862829208374,,,,,,
60,12199,,,0.968323826789856,1.5755491256713867,1.5755491256713867,0.9885566234588623,0.9998502135276794,0.9909032583236694
61,12299,1.5701773166656494,1.5701773166656494,,,,,,
61,12399,1.7562755346298218,1.7562755346298218,,,,,,
61,12399,,,0.9585903286933899,1.5726209878921509,1.5726209878921509,0.9974340796470642,0.9960206747055054,0.967968225479126
62,12499,1.4638022184371948,1.4638022184371948,,,,,,
62,12599,1.5824698209762573,1.5824698209762573,,,,,,
62,12599,,,0.9472325444221497,1.5603920221328735,1.5603920221328735,1.01364004611969,0.9898435473442078,0.9385684132575989
63,12699,1.4838403463363647,1.4838403463363647,,,,,,
63,12799,1.4514089822769165,1.4514089822769165,,,,,,
63,12799,,,0.945797324180603,1.5417968034744263,1.5417968034744263,0.9943413138389587,0.982048749923706,0.9564326405525208
64,12899,1.6247905492782593,1.6247905492782593,,,,,,
64,12999,1.3972821235656738,1.3972821235656738,,,,,,
64,12999,,,0.9272887706756592,1.5344440937042236,1.5344440937042236,1.0044047832489014,0.9718130826950073,0.9300181865692139
65,13099,1.6810964345932007,1.6810964345932007,,,,,,
65,13199,1.6203975677490234,1.6203975677490234,,,,,,
65,13199,,,0.9252748489379883,1.512955665588379,1.512955665588379,0.9889360666275024,0.9666195511817932,0.9394357800483704
66,13299,1.3882850408554077,1.3882850408554077,,,,,,
66,13399,1.4112930297851562,1.4112930297851562,,,,,,
66,13399,,,0.9170576930046082,1.5125552415847778,1.5125552415847778,1.0130832195281982,0.9646767377853394,0.9199162721633911
67,13499,1.5678770542144775,1.5678770542144775,,,,,,
67,13599,1.295729637145996,1.295729637145996,,,,,,
67,13599,,,0.8831979632377625,1.4679441452026367,1.4679441452026367,1.0186545848846436,0.9385182857513428,0.8863410949707031
68,13699,1.3597060441970825,1.3597060441970825,,,,,,
68,13799,1.3150006532669067,1.3150006532669067,,,,,,
68,13799,,,0.8766486644744873,1.432153344154358,1.432153344154358,0.9894348382949829,0.9261202812194824,0.8986207842826843
69,13899,1.4842571020126343,1.4842571020126343,,,,,,
69,13999,1.4371367692947388,1.4371367692947388,,,,,,
69,13999,,,0.8646177649497986,1.4139363765716553,1.4139363765716553,0.9829784631729126,0.9164273142814636,0.8944028615951538
70,14099,1.3942060470581055,1.3942060470581055,,,,,,
70,14199,1.3379613161087036,1.3379613161087036,,,,,,
70,14199,,,0.8460855484008789,1.410901665687561,1.410901665687561,0.989040732383728,0.9083453416824341,0.8643601536750793
71,14299,1.301666021347046,1.301666021347046,,,,,,
71,14399,1.4537280797958374,1.4537280797958374,,,,,,
71,14399,,,0.835322916507721,1.3660569190979004,1.3660569190979004,0.9804311394691467,0.8975619673728943,0.8517834544181824
72,14499,1.3584603071212769,1.3584603071212769,,,,,,
72,14599,1.2997881174087524,1.2997881174087524,,,,,,
72,14599,,,0.8286957740783691,1.3496699333190918,1.3496699333190918,0.9772430658340454,0.8935129046440125,0.8498153686523438
73,14699,1.240679383277893,1.240679383277893,,,,,,
73,14799,1.3074010610580444,1.3074010610580444,,,,,,
73,14799,,,0.8250696063041687,1.3394074440002441,1.3394074440002441,1.000832438468933,0.8948778510093689,0.8392453789710999
74,14899,1.282251000404358,1.282251000404358,,,,,,
74,14999,1.426791787147522,1.426791787147522,,,,,,
74,14999,,,0.8159310221672058,1.338387131690979,1.338387131690979,0.9949321746826172,0.8900482058525085,0.829922616481781
75,15099,1.389638900756836,1.389638900756836,,,,,,
75,15199,1.3907685279846191,1.3907685279846191,,,,,,
75,15199,,,0.8203718066215515,1.3299323320388794,1.3299323320388794,0.9936108589172363,0.8890171647071838,0.8376312255859375
76,15299,1.2726938724517822,1.2726938724517822,,,,,,
76,15399,1.3273439407348633,1.3273439407348633,,,,,,
76,15399,,,0.8112570643424988,1.3263981342315674,1.3263981342315674,0.9933962821960449,0.8842703700065613,0.8285823464393616
77,15499,1.3566532135009766,1.3566532135009766,,,,,,
77,15599,1.4000201225280762,1.4000201225280762,,,,,,
77,15599,,,0.8088995814323425,1.3166279792785645,1.3166279792785645,0.9827144145965576,0.884189784526825,0.8332762718200684
78,15699,1.3285945653915405,1.3285945653915405,,,,,,
78,15799,1.3898210525512695,1.3898210525512695,,,,,,
78,15799,,,0.8166006207466125,1.3109830617904663,1.3109830617904663,0.9957177042961121,0.8834194540977478,0.8290995359420776
79,15899,1.3058868646621704,1.3058868646621704,,,,,,
79,15999,1.3444700241088867,1.3444700241088867,,,,,,
79,15999,,,0.8048661351203918,1.3028520345687866,1.3028520345687866,0.9815547466278076,0.8821180462837219,0.8238925933837891
80,16099,1.2952227592468262,1.2952227592468262,,,,,,
80,16199,1.279099941253662,1.279099941253662,,,,,,
80,16199,,,0.8091757297515869,1.2954727411270142,1.2954727411270142,0.9868475794792175,0.881037175655365,0.8287918567657471
81,16299,1.2191646099090576,1.2191646099090576,,,,,,
81,16399,1.3948808908462524,1.3948808908462524,,,,,,
81,16399,,,0.8006595373153687,1.3117371797561646,1.3117371797561646,1.0040034055709839,0.8827412128448486,0.8121244311332703
82,16499,1.2919524908065796,1.2919524908065796,,,,,,
82,16599,1.2397211790084839,1.2397211790084839,,,,,,
82,16599,,,0.8027815222740173,1.2959961891174316,1.2959961891174316,0.9879144430160522,0.8770883083343506,0.8231099843978882
83,16699,1.290805459022522,1.290805459022522,,,,,,
83,16799,1.4583163261413574,1.4583163261413574,,,,,,
83,16799,,,0.7974169254302979,1.3078596591949463,1.3078596591949463,1.00144362449646,0.8810887932777405,0.8032119274139404
84,16899,1.2012062072753906,1.2012062072753906,,,,,,
84,16999,1.3442260026931763,1.3442260026931763,,,,,,
84,16999,,,0.8009361028671265,1.290979266166687,1.290979266166687,0.9829469919204712,0.8743619918823242,0.8232486844062805
85,17099,1.200142502784729,1.200142502784729,,,,,,
85,17199,1.3938684463500977,1.3938684463500977,,,,,,
85,17199,,,0.7960278987884521,1.276728630065918,1.276728630065918,0.9945858120918274,0.8688079118728638,0.8174288272857666
86,17299,1.4262770414352417,1.4262770414352417,,,,,,
86,17399,1.2761976718902588,1.2761976718902588,,,,,,
86,17399,,,0.7845051884651184,1.2742359638214111,1.2742359638214111,1.0080323219299316,0.8581990599632263,0.7908715605735779
87,17499,1.2903773784637451,1.2903773784637451,,,,,,
87,17599,1.2015970945358276,1.2015970945358276,,,,,,
87,17599,,,0.7782395482063293,1.2633806467056274,1.2633806467056274,1.0056006908416748,0.856338620185852,0.7830488085746765
88,17699,1.240450382232666,1.240450382232666,,,,,,
88,17799,1.183699607849121,1.183699607849121,,,,,,
88,17799,,,0.7758814096450806,1.2539982795715332,1.2539982795715332,0.9830655455589294,0.8461722731590271,0.799822211265564
89,17899,1.3597341775894165,1.3597341775894165,,,,,,
89,17999,1.2596439123153687,1.2596439123153687,,,,,,
89,17999,,,0.7674534916877747,1.25692617893219,1.25692617893219,1.0263384580612183,0.8510991334915161,0.7705302238464355
90,18099,1.235507607460022,1.235507607460022,,,,,,
90,18199,1.2209278345108032,1.2209278345108032,,,,,,
90,18199,,,0.765669584274292,1.2385179996490479,1.2385179996490479,0.9775485992431641,0.8391923904418945,0.7885570526123047
91,18299,1.2048637866973877,1.2048637866973877,,,,,,
91,18399,1.1585314273834229,1.1585314273834229,,,,,,
91,18399,,,0.7545288801193237,1.227504014968872,1.227504014968872,0.9961555004119873,0.8322178721427917,0.772384524345398
92,18499,1.361042857170105,1.361042857170105,,,,,,
92,18599,1.2106832265853882,1.2106832265853882,,,,,,
92,18599,,,0.749049723148346,1.2136225700378418,1.2136225700378418,1.0002951622009277,0.8261980414390564,0.7623187899589539
93,18699,1.238674521446228,1.238674521446228,,,,,,
93,18799,1.206502914428711,1.206502914428711,,,,,,
93,18799,,,0.7425313591957092,1.2109791040420532,1.2109791040420532,0.9866893291473389,0.8216935992240906,0.7602415084838867
94,18899,1.0774799585342407,1.0774799585342407,,,,,,
94,18999,1.051950454711914,1.051950454711914,,,,,,
94,18999,,,0.7303064465522766,1.2018897533416748,1.2018897533416748,1.0027005672454834,0.8156872391700745,0.7432194352149963
95,19099,1.1147829294204712,1.1147829294204712,,,,,,
95,19199,1.0931284427642822,1.0931284427642822,,,,,,
95,19199,,,0.7276734113693237,1.202787160873413,1.202787160873413,1.008636236190796,0.8142582774162292,0.7329111695289612
96,19299,1.2963083982467651,1.2963083982467651,,,,,,
96,19399,1.2691442966461182,1.2691442966461182,,,,,,
96,19399,,,0.7356443405151367,1.2021167278289795,1.2021167278289795,1.0063486099243164,0.8153343796730042,0.7589318156242371
97,19499,1.128337025642395,1.128337025642395,,,,,,
97,19599,1.1852351427078247,1.1852351427078247,,,,,,
97,19599,,,0.723591148853302,1.1885430812835693,1.1885430812835693,0.9925829172134399,0.807957649230957,0.7385797500610352
98,19699,1.2674981355667114,1.2674981355667114,,,,,,
98,19799,1.3732830286026,1.3732830286026,,,,,,
98,19799,,,0.7241814136505127,1.1798936128616333,1.1798936128616333,0.9889377355575562,0.806692361831665,0.74764484167099
99,19899,1.1592047214508057,1.1592047214508057,,,,,,
99,19999,1.1194324493408203,1.1194324493408203,,,,,,
99,19999,,,0.7249452471733093,1.1824820041656494,1.1824820041656494,1.0014286041259766,0.8056209683418274,0.7460899353027344
100,20099,1.1347699165344238,1.1347699165344238,,,,,,
100,20199,1.0963846445083618,1.0963846445083618,,,,,,
100,20199,,,0.7235804200172424,1.1840962171554565,1.1840962171554565,0.990054190158844,0.8096056580543518,0.7397341132164001
101,20299,1.2468010187149048,1.2468010187149048,,,,,,
101,20399,1.0667115449905396,1.0667115449905396,,,,,,
101,20399,,,0.7172375321388245,1.1753017902374268,1.1753017902374268,1.0113757848739624,0.8037681579589844,0.7284972667694092
102,20499,1.1218159198760986,1.1218159198760986,,,,,,
102,20599,1.2666175365447998,1.2666175365447998,,,,,,
102,20599,,,0.7124772071838379,1.170220971107483,1.170220971107483,1.0073267221450806,0.7988250255584717,0.716770350933075
103,20699,1.218239426612854,1.218239426612854,,,,,,
103,20799,1.2764838933944702,1.2764838933944702,,,,,,
103,20799,,,0.7260707020759583,1.1785231828689575,1.1785231828689575,0.9875879883766174,0.8026049137115479,0.7492818236351013
104,20899,1.164101243019104,1.164101243019104,,,,,,
104,20999,1.0967590808868408,1.0967590808868408,,,,,,
104,20999,,,0.7111626863479614,1.1629736423492432,1.1629736423492432,0.9943054914474487,0.7982429265975952,0.729300856590271
105,21099,1.056674599647522,1.056674599647522,,,,,,
105,21199,1.259267807006836,1.259267807006836,,,,,,
105,21199,,,0.7110015749931335,1.162575364112854,1.162575364112854,1.015547275543213,0.7983710169792175,0.7164419889450073
106,21299,1.1069060564041138,1.1069060564041138,,,,,,
106,21399,1.0234984159469604,1.0234984159469604,,,,,,
106,21399,,,0.706238865852356,1.163350224494934,1.163350224494934,1.0114001035690308,0.7996347546577454,0.7129581570625305
107,21499,1.0234057903289795,1.0234057903289795,,,,,,
107,21599,1.2910000085830688,1.2910000085830688,,,,,,
107,21599,,,0.7207820415496826,1.160498023033142,1.160498023033142,0.9917391538619995,0.8014255166053772,0.7401010990142822
108,21699,1.0835795402526855,1.0835795402526855,,,,,,
108,21799,1.1851043701171875,1.1851043701171875,,,,,,
108,21799,,,0.7116393446922302,1.1592724323272705,1.1592724323272705,0.9979909062385559,0.8004627823829651,0.7177315950393677
109,21899,1.2314846515655518,1.2314846515655518,,,,,,
109,21999,1.2328505516052246,1.2328505516052246,,,,,,
109,21999,,,0.6969903707504272,1.1497893333435059,1.1497893333435059,1.021867036819458,0.7941622138023376,0.6997011303901672
110,22099,1.1783579587936401,1.1783579587936401,,,,,,
110,22199,1.1575385332107544,1.1575385332107544,,,,,,
110,22199,,,0.7066105008125305,1.1552705764770508,1.1552705764770508,0.9915899634361267,0.7981043457984924,0.7234969139099121
111,22299,1.1072759628295898,1.1072759628295898,,,,,,
111,22399,1.0691453218460083,1.0691453218460083,,,,,,
111,22399,,,0.7107534408569336,1.1486090421676636,1.1486090421676636,0.9800311326980591,0.7940261960029602,0.7346409559249878
112,22499,1.1284053325653076,1.1284053325653076,,,,,,
112,22599,1.118975281715393,1.118975281715393,,,,,,
112,22599,,,0.7125516533851624,1.1601642370224,1.1601642370224,0.9921164512634277,0.7990362048149109,0.728194534778595
113,22699,1.1827630996704102,1.1827630996704102,,,,,,
113,22799,1.123037576675415,1.123037576675415,,,,,,
113,22799,,,0.7083098888397217,1.1490980386734009,1.1490980386734009,0.9922151565551758,0.7932547330856323,0.7300930619239807
114,22899,1.0418764352798462,1.0418764352798462,,,,,,
114,22999,1.1664774417877197,1.1664774417877197,,,,,,
114,22999,,,0.7068737745285034,1.163801670074463,1.163801670074463,1.0241003036499023,0.8012679815292358,0.7082844972610474
115,23099,1.0630626678466797,1.0630626678466797,,,,,,
115,23199,1.1805431842803955,1.1805431842803955,,,,,,
115,23199,,,0.7128699421882629,1.1614147424697876,1.1614147424697876,1.002462387084961,0.8006152510643005,0.725395917892456
116,23299,1.066343903541565,1.066343903541565,,,,,,
116,23399,1.0898723602294922,1.0898723602294922,,,,,,
116,23399,,,0.7058089971542358,1.153327226638794,1.153327226638794,0.9948806166648865,0.7940143942832947,0.7183079719543457
117,23499,1.2600198984146118,1.2600198984146118,,,,,,
117,23599,1.1227318048477173,1.1227318048477173,,,,,,
117,23599,,,0.7011424899101257,1.1579573154449463,1.1579573154449463,0.998145341873169,0.79643714427948,0.713113009929657
118,23699,1.0761733055114746,1.0761733055114746,,,,,,
118,23799,1.1202964782714844,1.1202964782714844,,,,,,
118,23799,,,0.7064642310142517,1.1445170640945435,1.1445170640945435,1.008978009223938,0.7931691408157349,0.7147731184959412
119,23899,1.0117714405059814,1.0117714405059814,,,,,,
119,23999,1.1552399396896362,1.1552399396896362,,,,,,
119,23999,,,0.6972754597663879,1.143906593322754,1.143906593322754,1.0082393884658813,0.790985643863678,0.7026594281196594
120,24099,1.1665197610855103,1.1665197610855103,,,,,,
120,24199,1.2154196500778198,1.2154196500778198,,,,,,
120,24199,,,0.7079799175262451,1.150950312614441,1.150950312614441,0.9903342127799988,0.7944400906562805,0.7306193113327026
121,24299,1.0661346912384033,1.0661346912384033,,,,,,
121,24399,1.1550180912017822,1.1550180912017822,,,,,,
121,24399,,,0.6979532241821289,1.1461591720581055,1.1461591720581055,0.9959021210670471,0.7910363078117371,0.7139045596122742
122,24499,1.1218910217285156,1.1218910217285156,,,,,,
122,24599,1.0597479343414307,1.0597479343414307,,,,,,
122,24599,,,0.6972808241844177,1.139246940612793,1.139246940612793,0.9959638714790344,0.7895774841308594,0.7101680040359497
123,24699,0.9432874321937561,0.9432874321937561,,,,,,
123,24799,1.1649625301361084,1.1649625301361084,,,,,,
123,24799,,,0.6967499256134033,1.143056869506836,1.143056869506836,0.9921708703041077,0.788321852684021,0.7120904326438904
124,24899,1.11553955078125,1.11553955078125,,,,,,
124,24999,1.099062442779541,1.099062442779541,,,,,,
124,24999,,,0.6960859298706055,1.142228126525879,1.142228126525879,1.0095711946487427,0.7883076071739197,0.7033149600028992
125,25099,1.2142248153686523,1.2142248153686523,,,,,,
125,25199,1.0990781784057617,1.0990781784057617,,,,,,
125,25199,,,0.7014262080192566,1.144923210144043,1.144923210144043,1.0023666620254517,0.7900326251983643,0.7152673602104187
126,25299,1.1712932586669922,1.1712932586669922,,,,,,
126,25399,1.0922213792800903,1.0922213792800903,,,,,,
126,25399,,,0.6926198601722717,1.145153522491455,1.145153522491455,1.0111665725708008,0.7903319001197815,0.7038089632987976
127,25499,1.1243469715118408,1.1243469715118408,,,,,,
127,25599,1.147355079650879,1.147355079650879,,,,,,
127,25599,,,0.6998586058616638,1.1429381370544434,1.1429381370544434,0.9965628981590271,0.7899253368377686,0.7126833200454712
128,25699,1.0565712451934814,1.0565712451934814,,,,,,
128,25799,1.1651256084442139,1.1651256084442139,,,,,,
128,25799,,,0.6913425922393799,1.1424704790115356,1.1424704790115356,1.0345457792282104,0.7871565818786621,0.6903268694877625
129,25899,1.080453872680664,1.080453872680664,,,,,,
129,25999,1.0987471342086792,1.0987471342086792,,,,,,
129,25999,,,0.6927549242973328,1.1289482116699219,1.1289482116699219,1.0010836124420166,0.786444365978241,0.7015637755393982
130,26099,1.1243560314178467,1.1243560314178467,,,,,,
130,26199,1.0563936233520508,1.0563936233520508,,,,,,
130,26199,,,0.6987085938453674,1.1353871822357178,1.1353871822357178,0.9888848662376404,0.7890785336494446,0.7152092456817627
131,26299,1.0979528427124023,1.0979528427124023,,,,,,
131,26399,1.1575348377227783,1.1575348377227783,,,,,,
131,26399,,,0.7032058238983154,1.1330558061599731,1.1330558061599731,0.9819614291191101,0.7875586748123169,0.7262652516365051
132,26499,1.059417724609375,1.059417724609375,,,,,,
132,26599,1.1429400444030762,1.1429400444030762,,,,,,
132,26599,,,0.6885512471199036,1.1387585401535034,1.1387585401535034,1.023948311805725,0.7865695953369141,0.6939017176628113
133,26699,1.2396827936172485,1.2396827936172485,,,,,,
133,26799,1.2395806312561035,1.2395806312561035,,,,,,
133,26799,,,0.6983715295791626,1.1371318101882935,1.1371318101882935,0.990913450717926,0.7868724465370178,0.7252410054206848
134,26899,1.049206018447876,1.049206018447876,,,,,,
134,26999,1.1394621133804321,1.1394621133804321,,,,,,
134,26999,,,0.6976765990257263,1.13712739944458,1.13712739944458,1.007260799407959,0.7849448919296265,0.7095241546630859
135,27099,1.1801414489746094,1.1801414489746094,,,,,,
135,27199,1.092118263244629,1.092118263244629,,,,,,
135,27199,,,0.6877249479293823,1.1332926750183105,1.1332926750183105,1.0218051671981812,0.7862318754196167,0.6895162463188171
136,27299,0.9821569323539734,0.9821569323539734,,,,,,
136,27399,1.188542366027832,1.188542366027832,,,,,,
136,27399,,,0.7010236978530884,1.135400414466858,1.135400414466858,0.996363639831543,0.7874402403831482,0.7202199697494507
137,27499,0.9967332482337952,0.9967332482337952,,,,,,
137,27599,1.02290940284729,1.02290940284729,,,,,,
137,27599,,,0.6993928551673889,1.132377028465271,1.132377028465271,1.0018547773361206,0.789455235004425,0.7170206308364868
138,27699,1.2582025527954102,1.2582025527954102,,,,,,
138,27799,1.1415205001831055,1.1415205001831055,,,,,,
138,27799,,,0.6912775039672852,1.1170779466629028,1.1170779466629028,0.994195818901062,0.7820259928703308,0.7122340798377991
139,27899,1.0159448385238647,1.0159448385238647,,,,,,
139,27999,1.172049641609192,1.172049641609192,,,,,,
139,27999,,,0.6986526846885681,1.134946346282959,1.134946346282959,0.9924227595329285,0.785530686378479,0.7131410837173462
140,28099,1.0932003259658813,1.0932003259658813,,,,,,
140,28199,1.1010031700134277,1.1010031700134277,,,,,,
140,28199,,,0.6913754343986511,1.1308072805404663,1.1308072805404663,0.9863778948783875,0.7836003303527832,0.705393373966217
141,28299,1.0940550565719604,1.0940550565719604,,,,,,
141,28399,1.0254688262939453,1.0254688262939453,,,,,,
141,28399,,,0.6874585747718811,1.124457597732544,1.124457597732544,1.0024871826171875,0.7825449109077454,0.6949243545532227
142,28499,1.163332223892212,1.163332223892212,,,,,,
142,28599,1.2395511865615845,1.2395511865615845,,,,,,
142,28599,,,0.6914702653884888,1.1262505054473877,1.1262505054473877,0.9976708292961121,0.7822263836860657,0.7051824927330017
143,28699,1.045202612876892,1.045202612876892,,,,,,
143,28799,1.0863001346588135,1.0863001346588135,,,,,,
143,28799,,,0.6882044076919556,1.119460940361023,1.119460940361023,0.9940083622932434,0.7809076905250549,0.6987230777740479
144,28899,1.0434085130691528,1.0434085130691528,,,,,,
144,28999,1.1527734994888306,1.1527734994888306,,,,,,
144,28999,,,0.6846867203712463,1.121423363685608,1.121423363685608,0.9997000694274902,0.7803151607513428,0.6934865713119507
145,29099,1.2558761835098267,1.2558761835098267,,,,,,
145,29199,1.036490797996521,1.036490797996521,,,,,,
145,29199,,,0.6882107853889465,1.1147311925888062,1.1147311925888062,0.9856078624725342,0.7792892456054688,0.7030903697013855
146,29299,1.0091102123260498,1.0091102123260498,,,,,,
146,29399,1.0963122844696045,1.0963122844696045,,,,,,
146,29399,,,0.6841676831245422,1.1325453519821167,1.1325453519821167,1.0262062549591064,0.7854785919189453,0.6832199096679688
147,29499,1.1024141311645508,1.1024141311645508,,,,,,
147,29599,1.2368083000183105,1.2368083000183105,,,,,,
147,29599,,,0.6882109045982361,1.1252272129058838,1.1252272129058838,1.0182178020477295,0.7803069949150085,0.6903157830238342
148,29699,1.0562312602996826,1.0562312602996826,,,,,,
148,29799,1.169438362121582,1.169438362121582,,,,,,
148,29799,,,0.6914425492286682,1.1230669021606445,1.1230669021606445,0.9868718385696411,0.7821335196495056,0.7033738493919373
149,29899,1.0894033908843994,1.0894033908843994,,,,,,
149,29999,1.0787632465362549,1.0787632465362549,,,,,,
149,29999,,,0.6817005276679993,1.11170494556427,1.11170494556427,0.9887494444847107,0.7775897979736328,0.7028610110282898
150,30099,1.1390316486358643,1.1390316486358643,,,,,,
150,30199,1.0592339038848877,1.0592339038848877,,,,,,
150,30199,,,0.6849768757820129,1.1152290105819702,1.1152290105819702,0.9941121935844421,0.7795315384864807,0.6971823573112488
151,30299,1.0372568368911743,1.0372568368911743,,,,,,
151,30399,1.0539189577102661,1.0539189577102661,,,,,,
151,30399,,,0.6890916228294373,1.11864173412323,1.11864173412323,1.0046330690383911,0.7817589640617371,0.696141242980957
152,30499,1.143194317817688,1.143194317817688,,,,,,
152,30599,1.1043384075164795,1.1043384075164795,,,,,,
152,30599,,,0.6782715320587158,1.1152127981185913,1.1152127981185913,1.0021474361419678,0.7765135765075684,0.7000145316123962
153,30699,1.0675957202911377,1.0675957202911377,,,,,,
153,30799,1.0025312900543213,1.0025312900543213,,,,,,
153,30799,,,0.689113974571228,1.106290340423584,1.106290340423584,0.9911261796951294,0.7767140865325928,0.7089150547981262
154,30899,1.1011683940887451,1.1011683940887451,,,,,,
154,30999,1.0450754165649414,1.0450754165649414,,,,,,
154,30999,,,0.6811274886131287,1.110069751739502,1.110069751739502,1.0020506381988525,0.7737622261047363,0.6907100677490234
155,31099,1.1052976846694946,1.1052976846694946,,,,,,
155,31199,1.0357295274734497,1.0357295274734497,,,,,,
155,31199,,,0.6790422797203064,1.1074734926223755,1.1074734926223755,1.0035030841827393,0.7766395807266235,0.6920208930969238
156,31299,1.1304931640625,1.1304931640625,,,,,,
156,31399,0.979855477809906,0.979855477809906,,,,,,
156,31399,,,0.6793169975280762,1.1074057817459106,1.1074057817459106,1.004263997077942,0.7734573483467102,0.6876727342605591
157,31499,1.0956690311431885,1.0956690311431885,,,,,,
157,31599,1.0156084299087524,1.0156084299087524,,,,,,
157,31599,,,0.6717512607574463,1.1097126007080078,1.1097126007080078,1.017951250076294,0.7746442556381226,0.681840717792511
158,31699,1.0586509704589844,1.0586509704589844,,,,,,
158,31799,1.0394775867462158,1.0394775867462158,,,,,,
158,31799,,,0.6751946210861206,1.097873568534851,1.097873568534851,0.9955950975418091,0.7715117335319519,0.696703314781189
159,31899,1.2383112907409668,1.2383112907409668,,,,,,
159,31999,0.9185475707054138,0.9185475707054138,,,,,,
159,31999,,,0.6769595742225647,1.0962485074996948,1.0962485074996948,1.0058168172836304,0.7728914618492126,0.6838135123252869
160,32099,1.014371395111084,1.014371395111084,,,,,,
160,32199,1.181527853012085,1.181527853012085,,,,,,
160,32199,,,0.6746127009391785,1.106287956237793,1.106287956237793,1.0130975246429443,0.775528609752655,0.6798320412635803
161,32299,1.098276972770691,1.098276972770691,,,,,,
161,32399,1.2909106016159058,1.2909106016159058,,,,,,
161,32399,,,0.6770274639129639,1.0971951484680176,1.0971951484680176,0.9772214889526367,0.7712011933326721,0.7080832719802856
162,32499,1.2120405435562134,1.2120405435562134,,,,,,
162,32599,1.0479763746261597,1.0479763746261597,,,,,,
162,32599,,,0.6761230826377869,1.0963232517242432,1.0963232517242432,1.000500202178955,0.7723472118377686,0.6887034177780151
163,32699,1.044386863708496,1.044386863708496,,,,,,
163,32799,1.0907024145126343,1.0907024145126343,,,,,,
163,32799,,,0.673721969127655,1.0968598127365112,1.0968598127365112,1.0060334205627441,0.772441565990448,0.6812511682510376
164,32899,1.1599010229110718,1.1599010229110718,,,,,,
164,32999,1.0420684814453125,1.0420684814453125,,,,,,
164,32999,,,0.6746765971183777,1.1018972396850586,1.1018972396850586,1.0159229040145874,0.7762859463691711,0.6738386154174805
165,33099,1.303951621055603,1.303951621055603,,,,,,
165,33199,0.9730418920516968,0.9730418920516968,,,,,,
165,33199,,,0.6772673726081848,1.0957382917404175,1.0957382917404175,1.013159990310669,0.7721829414367676,0.6821058392524719
166,33299,1.1545015573501587,1.1545015573501587,,,,,,
166,33399,1.1402870416641235,1.1402870416641235,,,,,,
166,33399,,,0.6693381667137146,1.0887901782989502,1.0887901782989502,0.997138261795044,0.7697571516036987,0.6816011071205139
167,33499,0.9770020842552185,0.9770020842552185,,,,,,
167,33599,1.119233250617981,1.119233250617981,,,,,,
167,33599,,,0.6687362790107727,1.0984424352645874,1.0984424352645874,1.0157262086868286,0.771704912185669,0.6734510660171509
168,33699,0.988691508769989,0.988691508769989,,,,,,
168,33799,1.0806342363357544,1.0806342363357544,,,,,,
168,33799,,,0.67404705286026,1.0943959951400757,1.0943959951400757,1.009346604347229,0.7728489637374878,0.6788320541381836
169,33899,1.157423973083496,1.157423973083496,,,,,,
169,33999,1.053417444229126,1.053417444229126,,,,,,
169,33999,,,0.6731115579605103,1.1060339212417603,1.1060339212417603,1.0041643381118774,0.772503674030304,0.686826229095459
170,34099,0.9818807244300842,0.9818807244300842,,,,,,
170,34199,0.9436082243919373,0.9436082243919373,,,,,,
170,34199,,,0.672301709651947,1.0889602899551392,1.0889602899551392,1.0021753311157227,0.7714508175849915,0.6794516444206238
171,34299,1.1214768886566162,1.1214768886566162,,,,,,
171,34399,1.169728398323059,1.169728398323059,,,,,,
171,34399,,,0.6657485365867615,1.080913782119751,1.080913782119751,1.0081030130386353,0.7655774354934692,0.6695746183395386
172,34499,1.0317623615264893,1.0317623615264893,,,,,,
172,34599,1.1399229764938354,1.1399229764938354,,,,,,
172,34599,,,0.6682525873184204,1.0833054780960083,1.0833054780960083,1.0018985271453857,0.7699955701828003,0.6793703436851501
173,34699,1.2457609176635742,1.2457609176635742,,,,,,
173,34799,0.9454354643821716,0.9454354643821716,,,,,,
173,34799,,,0.6660321354866028,1.0832386016845703,1.0832386016845703,1.0100643634796143,0.7660906910896301,0.6801485419273376
174,34899,1.0453165769577026,1.0453165769577026,,,,,,
174,34999,1.0645887851715088,1.0645887851715088,,,,,,
174,34999,,,0.6689993143081665,1.0867924690246582,1.0867924690246582,0.9905995726585388,0.7691156268119812,0.6908615231513977
175,35099,1.1781741380691528,1.1781741380691528,,,,,,
175,35199,1.03984797000885,1.03984797000885,,,,,,
175,35199,,,0.6680130958557129,1.0808944702148438,1.0808944702148438,1.003060221672058,0.7669260501861572,0.6758320927619934
176,35299,1.2065280675888062,1.2065280675888062,,,,,,
176,35399,1.0114935636520386,1.0114935636520386,,,,,,
176,35399,,,0.673114001750946,1.0794833898544312,1.0794833898544312,0.9958924651145935,0.7675212025642395,0.692725658416748
177,35499,1.2293392419815063,1.2293392419815063,,,,,,
177,35599,0.9788834452629089,0.9788834452629089,,,,,,
177,35599,,,0.6719491481781006,1.093811273574829,1.093811273574829,1.0079315900802612,0.770497739315033,0.6785863637924194
178,35699,1.1366795301437378,1.1366795301437378,,,,,,
178,35799,1.1834958791732788,1.1834958791732788,,,,,,
178,35799,,,0.6665666103363037,1.0763685703277588,1.0763685703277588,0.9977626800537109,0.7636439204216003,0.6781326532363892
179,35899,1.2074644565582275,1.2074644565582275,,,,,,
179,35999,1.074410080909729,1.074410080909729,,,,,,
179,35999,,,0.6643125414848328,1.0734822750091553,1.0734822750091553,0.9884939193725586,0.766197919845581,0.6800885200500488
180,36099,1.0968941450119019,1.0968941450119019,,,,,,
180,36199,1.052344799041748,1.052344799041748,,,,,,
180,36199,,,0.6659553647041321,1.0828865766525269,1.0828865766525269,1.0048164129257202,0.76698899269104,0.6795327663421631
181,36299,1.0336952209472656,1.0336952209472656,,,,,,
181,36399,1.067804217338562,1.067804217338562,,,,,,
181,36399,,,0.6675211787223816,1.0821946859359741,1.0821946859359741,0.9945087432861328,0.7662426829338074,0.6797971725463867
182,36499,1.0904765129089355,1.0904765129089355,,,,,,
182,36599,1.081207275390625,1.081207275390625,,,,,,
182,36599,,,0.662239670753479,1.0739784240722656,1.0739784240722656,1.0018950700759888,0.7638275623321533,0.6725314259529114
183,36699,1.0495197772979736,1.0495197772979736,,,,,,
183,36799,0.8812211155891418,0.8812211155891418,,,,,,
183,36799,,,0.6567672491073608,1.0774526596069336,1.0774526596069336,1.0125775337219238,0.7640339732170105,0.6676913499832153
184,36899,1.0048017501831055,1.0048017501831055,,,,,,
184,36999,1.075272798538208,1.075272798538208,,,,,,
184,36999,,,0.6656686067581177,1.0795183181762695,1.0795183181762695,1.0121511220932007,0.7668809294700623,0.6687635779380798
185,37099,1.1331002712249756,1.1331002712249756,,,,,,
185,37199,1.044827938079834,1.044827938079834,,,,,,
185,37199,,,0.6685887575149536,1.0788154602050781,1.0788154602050781,0.9972030520439148,0.7662581205368042,0.6837895512580872
186,37299,1.104540228843689,1.104540228843689,,,,,,
186,37399,1.0867594480514526,1.0867594480514526,,,,,,
186,37399,,,0.6674026846885681,1.0845462083816528,1.0845462083816528,0.9951958060264587,0.7664080262184143,0.6768114566802979
187,37499,1.0251848697662354,1.0251848697662354,,,,,,
187,37599,0.970517635345459,0.970517635345459,,,,,,
187,37599,,,0.6568807363510132,1.074739933013916,1.074739933013916,1.018965244293213,0.7649915814399719,0.6676974296569824
188,37699,1.1611950397491455,1.1611950397491455,,,,,,
188,37799,1.1395841836929321,1.1395841836929321,,,,,,
188,37799,,,0.6619271039962769,1.071136713027954,1.071136713027954,0.9935638308525085,0.7625281810760498,0.6824684739112854
189,37899,1.008162498474121,1.008162498474121,,,,,,
189,37999,1.0480626821517944,1.0480626821517944,,,,,,
189,37999,,,0.6610798239707947,1.0708171129226685,1.0708171129226685,0.9992430806159973,0.7622421383857727,0.678787350654602
190,38099,1.147720456123352,1.147720456123352,,,,,,
190,38199,0.9818999767303467,0.9818999767303467,,,,,,
190,38199,,,0.6611362099647522,1.0770657062530518,1.0770657062530518,1.0113550424575806,0.764758288860321,0.6733410954475403
191,38299,1.0402956008911133,1.0402956008911133,,,,,,
191,38399,1.0708024501800537,1.0708024501800537,,,,,,
191,38399,,,0.6616613864898682,1.0699115991592407,1.0699115991592407,1.0091382265090942,0.7634001970291138,0.6686376929283142
192,38499,1.1520395278930664,1.1520395278930664,,,,,,
192,38599,1.0451247692108154,1.0451247692108154,,,,,,
192,38599,,,0.6600114107131958,1.0708259344100952,1.0708259344100952,1.0085091590881348,0.763467013835907,0.6674982905387878
193,38699,0.9812862277030945,0.9812862277030945,,,,,,
193,38799,1.2111501693725586,1.2111501693725586,,,,,,
193,38799,,,0.6623226404190063,1.0739150047302246,1.0739150047302246,1.011613130569458,0.7637831568717957,0.671341598033905
194,38899,1.1253849267959595,1.1253849267959595,,,,,,
194,38999,1.1267513036727905,1.1267513036727905,,,,,,
194,38999,,,0.6627511978149414,1.0736359357833862,1.0736359357833862,1.0039026737213135,0.7651485204696655,0.6849308609962463
195,39099,1.2740854024887085,1.2740854024887085,,,,,,
195,39199,1.0976297855377197,1.0976297855377197,,,,,,
195,39199,,,0.6680901646614075,1.0792044401168823,1.0792044401168823,1.0183072090148926,0.7671592235565186,0.6676670908927917
196,39299,1.028518557548523,1.028518557548523,,,,,,
196,39399,1.0196259021759033,1.0196259021759033,,,,,,
196,39399,,,0.6592426896095276,1.065307855606079,1.065307855606079,1.0109601020812988,0.7611894011497498,0.6660854816436768
197,39499,1.1461050510406494,1.1461050510406494,,,,,,
197,39599,0.9119445085525513,0.9119445085525513,,,,,,
197,39599,,,0.6589362621307373,1.0730412006378174,1.0730412006378174,1.0035465955734253,0.7646528482437134,0.6676045060157776
198,39699,0.9465557932853699,0.9465557932853699,,,,,,
198,39799,1.0238538980484009,1.0238538980484009,,,,,,
198,39799,,,0.6577600240707397,1.0646488666534424,1.0646488666534424,0.9991096258163452,0.7590188980102539,0.6705670356750488
199,39899,1.1050478219985962,1.1050478219985962,,,,,,
199,39999,1.067813515663147,1.067813515663147,,,,,,
199,39999,,,0.6569879651069641,1.065911054611206,1.065911054611206,0.9958633780479431,0.7599444389343262,0.672924280166626
200,40099,1.1600850820541382,1.1600850820541382,,,,,,
200,40199,0.9770461916923523,0.9770461916923523,,,,,,
200,40199,,,0.6540997624397278,1.0641831159591675,1.0641831159591675,0.9966875314712524,0.7605623006820679,0.6722054481506348
201,40299,0.9444699883460999,0.9444699883460999,,,,,,
201,40399,1.214540958404541,1.214540958404541,,,,,,
201,40399,,,0.658994734287262,1.0699141025543213,1.0699141025543213,1.0173476934432983,0.7637192010879517,0.6556701064109802
202,40499,0.9806954264640808,0.9806954264640808,,,,,,
202,40599,1.1188098192214966,1.1188098192214966,,,,,,
202,40599,,,0.651995837688446,1.0612413883209229,1.0612413883209229,0.9963130354881287,0.7619918584823608,0.6670910716056824
203,40699,1.211694598197937,1.211694598197937,,,,,,
203,40799,1.1881780624389648,1.1881780624389648,,,,,,
203,40799,,,0.6512744426727295,1.059988260269165,1.059988260269165,1.0148168802261353,0.759268581867218,0.653756320476532
204,40899,1.0208988189697266,1.0208988189697266,,,,,,
204,40999,1.0433340072631836,1.0433340072631836,,,,,,
204,40999,,,0.649274468421936,1.054666519165039,1.054666519165039,1.012527346611023,0.7589905261993408,0.6597475409507751
205,41099,1.0051265954971313,1.0051265954971313,,,,,,
205,41199,0.9652037620544434,0.9652037620544434,,,,,,
205,41199,,,0.6524909734725952,1.0531545877456665,1.0531545877456665,0.9972590804100037,0.7574403285980225,0.6693633794784546
206,41299,1.0492463111877441,1.0492463111877441,,,,,,
206,41399,1.2005609273910522,1.2005609273910522,,,,,,
206,41399,,,0.6517435908317566,1.057801604270935,1.057801604270935,1.0192925930023193,0.760392427444458,0.6601886749267578
207,41499,1.2179737091064453,1.2179737091064453,,,,,,
207,41599,1.061784267425537,1.061784267425537,,,,,,
207,41599,,,0.6585476398468018,1.056665301322937,1.056665301322937,1.0124136209487915,0.761078417301178,0.6621907353401184
208,41699,1.1649144887924194,1.1649144887924194,,,,,,
208,41799,1.1063262224197388,1.1063262224197388,,,,,,
208,41799,,,0.6444379091262817,1.0578811168670654,1.0578811168670654,1.0115175247192383,0.7582724094390869,0.6527352929115295
209,41899,1.0340709686279297,1.0340709686279297,,,,,,
209,41999,1.187262773513794,1.187262773513794,,,,,,
209,41999,,,0.6485299468040466,1.0605725049972534,1.0605725049972534,1.0223333835601807,0.7586406469345093,0.6557861566543579
210,42099,1.053955316543579,1.053955316543579,,,,,,
210,42199,1.0445337295532227,1.0445337295532227,,,,,,
210,42199,,,0.6524173617362976,1.0540803670883179,1.0540803670883179,1.011054515838623,0.759037971496582,0.6700224876403809
211,42299,0.9779437184333801,0.9779437184333801,,,,,,
211,42399,0.919996440410614,0.919996440410614,,,,,,
211,42399,,,0.6390138864517212,1.055087685585022,1.055087685585022,1.0278671979904175,0.7600665092468262,0.642459511756897
212,42499,1.0074946880340576,1.0074946880340576,,,,,,
212,42599,1.0695701837539673,1.0695701837539673,,,,,,
212,42599,,,0.6414830684661865,1.0545707941055298,1.0545707941055298,1.0262572765350342,0.7576699256896973,0.6449772715568542
213,42699,1.023310899734497,1.023310899734497,,,,,,
213,42799,1.0110597610473633,1.0110597610473633,,,,,,
213,42799,,,0.644044041633606,1.0559090375900269,1.0559090375900269,1.0143181085586548,0.7587146759033203,0.655392050743103
214,42899,0.9115818738937378,0.9115818738937378,,,,,,
214,42999,1.145964503288269,1.145964503288269,,,,,,
214,42999,,,0.6428225636482239,1.04561448097229,1.04561448097229,1.0142130851745605,0.756087064743042,0.6508965492248535
215,43099,0.9665942192077637,0.9665942192077637,,,,,,
215,43199,1.0354052782058716,1.0354052782058716,,,,,,
215,43199,,,0.6459079384803772,1.0524048805236816,1.0524048805236816,1.013040542602539,0.7585651278495789,0.6615591645240784
216,43299,0.9798775911331177,0.9798775911331177,,,,,,
216,43399,1.1709346771240234,1.1709346771240234,,,,,,
216,43399,,,0.648273229598999,1.0475760698318481,1.0475760698318481,1.0022517442703247,0.757731020450592,0.6610442399978638
217,43499,1.1147239208221436,1.1147239208221436,,,,,,
217,43599,0.9716857671737671,0.9716857671737671,,,,,,
217,43599,,,0.6357098817825317,1.04745352268219,1.04745352268219,1.0152842998504639,0.7564469575881958,0.6500953435897827
218,43699,0.9093427658081055,0.9093427658081055,,,,,,
218,43799,1.0728771686553955,1.0728771686553955,,,,,,
218,43799,,,0.6474394202232361,1.0484589338302612,1.0484589338302612,0.9956476092338562,0.7573707699775696,0.6696034669876099
219,43899,1.0319490432739258,1.0319490432739258,,,,,,
219,43999,0.9428128004074097,0.9428128004074097,,,,,,
219,43999,,,0.6390938758850098,1.0427284240722656,1.0427284240722656,1.0209674835205078,0.75344318151474,0.6459459662437439
220,44099,0.9908841252326965,0.9908841252326965,,,,,,
220,44199,0.9619099497795105,0.9619099497795105,,,,,,
220,44199,,,0.6470911502838135,1.0501164197921753,1.0501164197921753,1.0118606090545654,0.7630470991134644,0.6581581830978394
221,44299,1.053479790687561,1.053479790687561,,,,,,
221,44399,0.9377788305282593,0.9377788305282593,,,,,,
221,44399,,,0.6507382988929749,1.0429372787475586,1.0429372787475586,0.9881966710090637,0.7560670971870422,0.6768888831138611
222,44499,1.061185359954834,1.061185359954834,,,,,,
222,44599,1.014979600906372,1.014979600906372,,,,,,
222,44599,,,0.6447657346725464,1.0451518297195435,1.0451518297195435,1.0046411752700806,0.7590674757957458,0.6613397002220154
223,44699,1.0798567533493042,1.0798567533493042,,,,,,
223,44799,1.0270828008651733,1.0270828008651733,,,,,,
223,44799,,,0.6440913081169128,1.037184715270996,1.037184715270996,1.0064107179641724,0.7572336196899414,0.6591629385948181
224,44899,0.9643506407737732,0.9643506407737732,,,,,,
224,44999,1.1260181665420532,1.1260181665420532,,,,,,
224,44999,,,0.6412468552589417,1.0403960943222046,1.0403960943222046,1.0169473886489868,0.7572611570358276,0.6517572999000549
225,45099,1.058889627456665,1.058889627456665,,,,,,
225,45199,0.9983032941818237,0.9983032941818237,,,,,,
225,45199,,,0.6378616094589233,1.0353730916976929,1.0353730916976929,0.9965717196464539,0.7550420165061951,0.6617335081100464
226,45299,1.0731161832809448,1.0731161832809448,,,,,,
226,45399,0.9701052904129028,0.9701052904129028,,,,,,
226,45399,,,0.6340165138244629,1.033271312713623,1.033271312713623,1.003387451171875,0.7528371214866638,0.6543102264404297
227,45499,1.0520670413970947,1.0520670413970947,,,,,,
227,45599,0.9799085259437561,0.9799085259437561,,,,,,
227,45599,,,0.6387677192687988,1.0354074239730835,1.0354074239730835,0.9935812950134277,0.7549201250076294,0.6640899777412415
228,45699,0.97153240442276,0.97153240442276,,,,,,
228,45799,0.961526095867157,0.961526095867157,,,,,,
228,45799,,,0.6307550072669983,1.030089259147644,1.030089259147644,1.0184178352355957,0.7532800436019897,0.6486076712608337
229,45899,1.0003173351287842,1.0003173351287842,,,,,,
229,45999,0.9939779043197632,0.9939779043197632,,,,,,
229,45999,,,0.6328620910644531,1.027891755104065,1.027891755104065,1.0059196949005127,0.753815770149231,0.652730405330658
230,46099,1.1063820123672485,1.1063820123672485,,,,,,
230,46199,0.9346445798873901,0.9346445798873901,,,,,,
230,46199,,,0.6381747722625732,1.035056233406067,1.035056233406067,1.0073275566101074,0.7557016611099243,0.6696266531944275
231,46299,0.9706735014915466,0.9706735014915466,,,,,,
231,46399,1.0535211563110352,1.0535211563110352,,,,,,
231,46399,,,0.6405991911888123,1.030439019203186,1.030439019203186,1.0046799182891846,0.7561167478561401,0.6665493845939636
232,46499,0.9243008494377136,0.9243008494377136,,,,,,
232,46599,0.8621240258216858,0.8621240258216858,,,,,,
232,46599,,,0.6366198062896729,1.0290226936340332,1.0290226936340332,1.003358244895935,0.7550175786018372,0.6591284871101379
233,46699,0.979340136051178,0.979340136051178,,,,,,
233,46799,0.9043431282043457,0.9043431282043457,,,,,,
233,46799,,,0.6360183954238892,1.0246409177780151,1.0246409177780151,0.9959616661071777,0.7528401613235474,0.66129070520401
234,46899,1.0100544691085815,1.0100544691085815,,,,,,
234,46999,1.101719856262207,1.101719856262207,,,,,,
234,46999,,,0.6327929496765137,1.030083417892456,1.030083417892456,1.0107523202896118,0.7542238235473633,0.6580711007118225
235,47099,1.034989833831787,1.034989833831787,,,,,,
235,47199,1.1189013719558716,1.1189013719558716,,,,,,
235,47199,,,0.631524384021759,1.0231397151947021,1.0231397151947021,1.0053166151046753,0.752677321434021,0.6549850106239319
236,47299,1.0529394149780273,1.0529394149780273,,,,,,
236,47399,0.9774461388587952,0.9774461388587952,,,,,,
236,47399,,,0.6335281133651733,1.0283807516098022,1.0283807516098022,1.0229450464248657,0.7533570528030396,0.6484120488166809
237,47499,1.0875242948532104,1.0875242948532104,,,,,,
237,47599,0.9778653979301453,0.9778653979301453,,,,,,
237,47599,,,0.635057270526886,1.0199306011199951,1.0199306011199951,1.001511573791504,0.7532592415809631,0.6562500596046448
238,47699,1.0625104904174805,1.0625104904174805,,,,,,
238,47799,0.9183578491210938,0.9183578491210938,,,,,,
238,47799,,,0.6332078576087952,1.023732304573059,1.023732304573059,1.0016322135925293,0.7512191534042358,0.6582638621330261
239,47899,1.1404180526733398,1.1404180526733398,,,,,,
239,47999,1.1017128229141235,1.1017128229141235,,,,,,
239,47999,,,0.6352445483207703,1.0231648683547974,1.0231648683547974,1.0000461339950562,0.7522327303886414,0.6614546775817871
240,48099,1.0777453184127808,1.0777453184127808,,,,,,
240,48199,0.9659737944602966,0.9659737944602966,,,,,,
240,48199,,,0.6300885081291199,1.0196176767349243,1.0196176767349243,1.0180307626724243,0.7503944635391235,0.6495758295059204
241,48299,1.018056035041809,1.018056035041809,,,,,,
241,48399,1.0862380266189575,1.0862380266189575,,,,,,
241,48399,,,0.6286640167236328,1.0163071155548096,1.0163071155548096,0.9993773102760315,0.7519321441650391,0.6535800695419312
242,48499,0.9819312691688538,0.9819312691688538,,,,,,
242,48599,0.9704868197441101,0.9704868197441101,,,,,,
242,48599,,,0.6330698728561401,1.0213600397109985,1.0213600397109985,1.0085937976837158,0.7528965473175049,0.6539007425308228
243,48699,1.0993164777755737,1.0993164777755737,,,,,,
243,48799,1.075175166130066,1.075175166130066,,,,,,
243,48799,,,0.6266744136810303,1.0162804126739502,1.0162804126739502,1.0027607679367065,0.7525523900985718,0.6513544917106628
244,48899,1.1274014711380005,1.1274014711380005,,,,,,
244,48999,0.9659311175346375,0.9659311175346375,,,,,,
244,48999,,,0.6297034025192261,1.0163263082504272,1.0163263082504272,0.9958986043930054,0.7502431273460388,0.6601164937019348
245,49099,0.9862251281738281,0.9862251281738281,,,,,,
245,49199,0.9399739503860474,0.9399739503860474,,,,,,
245,49199,,,0.6250160336494446,1.0160610675811768,1.0160610675811768,1.021837592124939,0.7497969269752502,0.6389430165290833
246,49299,0.9807019233703613,0.9807019233703613,,,,,,
246,49399,1.0737714767456055,1.0737714767456055,,,,,,
246,49399,,,0.6289107799530029,1.0136182308197021,1.0136182308197021,0.9938645958900452,0.7494812607765198,0.6645817756652832
247,49499,1.0287467241287231,1.0287467241287231,,,,,,
247,49599,0.9545167088508606,0.9545167088508606,,,,,,
247,49599,,,0.6273795962333679,1.0158621072769165,1.0158621072769165,1.0075407028198242,0.7507392764091492,0.6547977924346924
248,49699,1.1206458806991577,1.1206458806991577,,,,,,
248,49799,1.0197391510009766,1.0197391510009766,,,,,,
248,49799,,,0.6248582601547241,1.021749496459961,1.021749496459961,1.0195400714874268,0.7504438161849976,0.6429756283760071
249,49899,1.029187798500061,1.029187798500061,,,,,,
249,49999,0.976078987121582,0.976078987121582,,,,,,
249,49999,,,0.6212995648384094,1.0117961168289185,1.0117961168289185,1.0192357301712036,0.7507948875427246,0.6417162418365479
250,50099,0.9990245699882507,0.9990245699882507,,,,,,
250,50199,1.0455065965652466,1.0455065965652466,,,,,,
250,50199,,,0.6222503185272217,1.0078747272491455,1.0078747272491455,1.008094310760498,0.7491170763969421,0.642598032951355
251,50299,0.9225176572799683,0.9225176572799683,,,,,,
251,50399,0.9585167765617371,0.9585167765617371,,,,,,
251,50399,,,0.6330671906471252,1.016030192375183,1.016030192375183,1.010649561882019,0.7519761919975281,0.6613367199897766
252,50499,0.9834258556365967,0.9834258556365967,,,,,,
252,50599,0.9600463509559631,0.9600463509559631,,,,,,
252,50599,,,0.624724268913269,1.0063847303390503,1.0063847303390503,1.0092544555664062,0.7484396696090698,0.6465002298355103
253,50699,1.0206106901168823,1.0206106901168823,,,,,,
253,50799,1.070481538772583,1.070481538772583,,,,,,
253,50799,,,0.6273513436317444,1.0092333555221558,1.0092333555221558,1.0080270767211914,0.7513434886932373,0.650734543800354
254,50899,0.909041166305542,0.909041166305542,,,,,,
254,50999,1.0362091064453125,1.0362091064453125,,,,,,
254,50999,,,0.6232573986053467,1.009954810142517,1.009954810142517,1.0132243633270264,0.752458930015564,0.6465415358543396
255,51099,1.0516588687896729,1.0516588687896729,,,,,,
255,51199,0.9677106738090515,0.9677106738090515,,,,,,
255,51199,,,0.6181719899177551,1.0045427083969116,1.0045427083969116,1.0155010223388672,0.7486875653266907,0.6371156573295593
256,51299,1.0185753107070923,1.0185753107070923,,,,,,
256,51399,0.9217151403427124,0.9217151403427124,,,,,,
256,51399,,,0.6223183274269104,1.0029213428497314,1.0029213428497314,1.0147864818572998,0.7488020062446594,0.6419260501861572
257,51499,1.0078524351119995,1.0078524351119995,,,,,,
257,51599,0.8916206359863281,0.8916206359863281,,,,,,
257,51599,,,0.6125048995018005,1.0057090520858765,1.0057090520858765,1.0222792625427246,0.7466320395469666,0.629772961139679
258,51699,0.931001603603363,0.931001603603363,,,,,,
258,51799,0.9926865696907043,0.9926865696907043,,,,,,
258,51799,,,0.6147047281265259,1.0073238611221313,1.0073238611221313,1.024874210357666,0.7507147789001465,0.6335507035255432
259,51899,1.0691616535186768,1.0691616535186768,,,,,,
259,51999,0.9859474897384644,0.9859474897384644,,,,,,
259,51999,,,0.6181148290634155,1.0108046531677246,1.0108046531677246,1.019885778427124,0.7490367293357849,0.6361438035964966
260,52099,1.05160653591156,1.05160653591156,,,,,,
260,52199,1.0407354831695557,1.0407354831695557,,,,,,
260,52199,,,0.6168880462646484,1.003154993057251,1.003154993057251,1.0206297636032104,0.7486193776130676,0.6371423602104187
261,52299,0.8787084221839905,0.8787084221839905,,,,,,
261,52399,1.0301719903945923,1.0301719903945923,,,,,,
261,52399,,,0.6124089956283569,1.0061638355255127,1.0061638355255127,1.0199716091156006,0.7480869293212891,0.6340579986572266
262,52499,0.9467841386795044,0.9467841386795044,,,,,,
262,52599,0.9088103771209717,0.9088103771209717,,,,,,
262,52599,,,0.6204647421836853,0.9995559453964233,0.9995559453964233,1.0010873079299927,0.7483744025230408,0.6542805433273315
263,52699,1.0079585313796997,1.0079585313796997,,,,,,
263,52799,1.0638000965118408,1.0638000965118408,,,,,,
263,52799,,,0.6166322827339172,0.9975829720497131,0.9975829720497131,1.0044338703155518,0.7483616471290588,0.6398134231567383
264,52899,0.8822879791259766,0.8822879791259766,,,,,,
264,52999,0.9588278532028198,0.9588278532028198,,,,,,
264,52999,,,0.6161509156227112,1.002206563949585,1.002206563949585,0.994269847869873,0.7471910715103149,0.6514873504638672
265,53099,0.9582483172416687,0.9582483172416687,,,,,,
265,53199,1.0802751779556274,1.0802751779556274,,,,,,
265,53199,,,0.618782639503479,1.0029548406600952,1.0029548406600952,1.0055509805679321,0.7478411793708801,0.6453019380569458
266,53299,0.9044075012207031,0.9044075012207031,,,,,,
266,53399,0.9992620348930359,0.9992620348930359,,,,,,
266,53399,,,0.6124058961868286,0.9989253878593445,0.9989253878593445,1.014242172241211,0.7483565807342529,0.6359860897064209
267,53499,0.92408686876297,0.92408686876297,,,,,,
267,53599,0.9817631840705872,0.9817631840705872,,,,,,
267,53599,,,0.6135737299919128,0.9973956346511841,0.9973956346511841,1.0076431035995483,0.7481634020805359,0.6452664136886597
268,53699,1.1252270936965942,1.1252270936965942,,,,,,
268,53799,1.0078643560409546,1.0078643560409546,,,,,,
268,53799,,,0.6159233450889587,0.9999479055404663,0.9999479055404663,1.0056077241897583,0.7483519315719604,0.6507362723350525
269,53899,1.0756374597549438,1.0756374597549438,,,,,,
269,53999,1.0270028114318848,1.0270028114318848,,,,,,
269,53999,,,0.6137446761131287,0.9978931546211243,0.9978931546211243,1.0155295133590698,0.7517702579498291,0.6393914222717285
270,54099,0.866073489189148,0.866073489189148,,,,,,
270,54199,0.936201274394989,0.936201274394989,,,,,,
270,54199,,,0.6139841079711914,0.9969195127487183,0.9969195127487183,1.0070652961730957,0.7488961219787598,0.6415307521820068
271,54299,1.0175195932388306,1.0175195932388306,,,,,,
271,54399,0.9504441022872925,0.9504441022872925,,,,,,
271,54399,,,0.6153230667114258,0.9948866367340088,0.9948866367340088,1.0021603107452393,0.7482388615608215,0.6527379155158997
272,54499,1.0609098672866821,1.0609098672866821,,,,,,
272,54599,0.8821688890457153,0.8821688890457153,,,,,,
272,54599,,,0.6089426279067993,0.9941259026527405,0.9941259026527405,1.0197480916976929,0.7470757365226746,0.6341708898544312
273,54699,0.9900014400482178,0.9900014400482178,,,,,,
273,54799,0.9068955183029175,0.9068955183029175,,,,,,
273,54799,,,0.6128498911857605,0.9901301264762878,0.9901301264762878,1.0101715326309204,0.7465587854385376,0.6477527022361755
274,54899,0.9677297472953796,0.9677297472953796,,,,,,
274,54999,0.8502178192138672,0.8502178192138672,,,,,,
274,54999,,,0.6086830496788025,0.9907877445220947,0.9907877445220947,1.0145180225372314,0.7460241317749023,0.63852858543396
275,55099,1.1164978742599487,1.1164978742599487,,,,,,
275,55199,0.9714398980140686,0.9714398980140686,,,,,,
275,55199,,,0.6085656881332397,0.9897336363792419,0.9897336363792419,1.0103251934051514,0.7470660209655762,0.643851101398468
276,55299,1.0567299127578735,1.0567299127578735,,,,,,
276,55399,0.9633654356002808,0.9633654356002808,,,,,,
276,55399,,,0.6111183166503906,0.9936192035675049,0.9936192035675049,1.0046223402023315,0.7464727163314819,0.6440715789794922
277,55499,1.046321153640747,1.046321153640747,,,,,,
277,55599,0.9312199950218201,0.9312199950218201,,,,,,
277,55599,,,0.6035451889038086,0.9899300932884216,0.9899300932884216,1.0061981678009033,0.7461669445037842,0.6343353390693665
278,55699,0.996738612651825,0.996738612651825,,,,,,
278,55799,0.891525149345398,0.891525149345398,,,,,,
278,55799,,,0.609727144241333,0.9909500479698181,0.9909500479698181,0.9973924160003662,0.7468100786209106,0.6473764181137085
279,55899,1.0067886114120483,1.0067886114120483,,,,,,
279,55999,1.0967997312545776,1.0967997312545776,,,,,,
279,55999,,,0.6053190231323242,0.9901918768882751,0.9901918768882751,1.01941978931427,0.747610330581665,0.6278949975967407
280,56099,1.0082855224609375,1.0082855224609375,,,,,,
280,56199,0.9958158135414124,0.9958158135414124,,,,,,
280,56199,,,0.6106062531471252,0.9883681535720825,0.9883681535720825,1.0152209997177124,0.7471214532852173,0.6363319158554077
281,56299,0.8991644978523254,0.8991644978523254,,,,,,
281,56399,0.8738095760345459,0.8738095760345459,,,,,,
281,56399,,,0.6036471724510193,0.9854350686073303,0.9854350686073303,1.0142396688461304,0.7476320862770081,0.6373499631881714
282,56499,0.9916611909866333,0.9916611909866333,,,,,,
282,56599,1.1429332494735718,1.1429332494735718,,,,,,
282,56599,,,0.6052141189575195,0.9838514924049377,0.9838514924049377,1.0002447366714478,0.7448024153709412,0.6415684223175049
283,56699,1.020878791809082,1.020878791809082,,,,,,
283,56799,1.0306377410888672,1.0306377410888672,,,,,,
283,56799,,,0.6045400500297546,0.985775351524353,0.985775351524353,1.0058070421218872,0.7481614947319031,0.6420860290527344
284,56899,0.9631937742233276,0.9631937742233276,,,,,,
284,56999,0.8692536950111389,0.8692536950111389,,,,,,
284,56999,,,0.6030963063240051,0.9864151477813721,0.9864151477813721,1.0266586542129517,0.7460691928863525,0.6324915289878845
285,57099,0.8585208654403687,0.8585208654403687,,,,,,
285,57199,0.8924622535705566,0.8924622535705566,,,,,,
285,57199,,,0.6037421822547913,0.9815260767936707,0.9815260767936707,1.0199520587921143,0.7467556595802307,0.6302916407585144
286,57299,1.1195169687271118,1.1195169687271118,,,,,,
286,57399,1.0113699436187744,1.0113699436187744,,,,,,
286,57399,,,0.6023055911064148,0.9815946817398071,0.9815946817398071,1.0083088874816895,0.7446702122688293,0.6352170705795288
287,57499,1.0003525018692017,1.0003525018692017,,,,,,
287,57599,0.9690894484519958,0.9690894484519958,,,,,,
287,57599,,,0.5996828675270081,0.9824264049530029,0.9824264049530029,1.013537049293518,0.7451426386833191,0.6335312128067017
288,57699,0.9954709410667419,0.9954709410667419,,,,,,
288,57799,0.9644308090209961,0.9644308090209961,,,,,,
288,57799,,,0.6024796962738037,0.9816181659698486,0.9816181659698486,1.0188047885894775,0.7462289333343506,0.6324740052223206
289,57899,0.908047616481781,0.908047616481781,,,,,,
289,57999,0.9357568621635437,0.9357568621635437,,,,,,
289,57999,,,0.6036741733551025,0.9801105856895447,0.9801105856895447,1.006775140762329,0.7459913492202759,0.6397244930267334
290,58099,0.8803601861000061,0.8803601861000061,,,,,,
290,58199,0.8906488418579102,0.8906488418579102,,,,,,
290,58199,,,0.604115903377533,0.9793823957443237,0.9793823957443237,1.013789415359497,0.746687650680542,0.6332283020019531
291,58299,0.9482113718986511,0.9482113718986511,,,,,,
291,58399,0.9786384105682373,0.9786384105682373,,,,,,
291,58399,,,0.5981881618499756,0.9809542894363403,0.9809542894363403,1.0147849321365356,0.7451832890510559,0.6342232823371887
292,58499,0.9990357160568237,0.9990357160568237,,,,,,
292,58599,0.8160134553909302,0.8160134553909302,,,,,,
292,58599,,,0.6014607548713684,0.9801592826843262,0.9801592826843262,1.011156678199768,0.7445412874221802,0.638813316822052
293,58699,1.024350643157959,1.024350643157959,,,,,,
293,58799,1.0041115283966064,1.0041115283966064,,,,,,
293,58799,,,0.5993054509162903,0.9808591604232788,0.9808591604232788,1.014797329902649,0.7476872801780701,0.6266023516654968
294,58899,0.9749478101730347,0.9749478101730347,,,,,,
294,58999,1.0437140464782715,1.0437140464782715,,,,,,
294,58999,,,0.5986618995666504,0.9799312949180603,0.9799312949180603,1.011397123336792,0.744564950466156,0.6386597156524658
295,59099,0.9116872549057007,0.9116872549057007,,,,,,
295,59199,1.0040267705917358,1.0040267705917358,,,,,,
295,59199,,,0.6021723747253418,0.9807340502738953,0.9807340502738953,1.0263725519180298,0.7458593845367432,0.6307384371757507
296,59299,0.8705872297286987,0.8705872297286987,,,,,,
296,59399,0.8487931489944458,0.8487931489944458,,,,,,
296,59399,,,0.6039395928382874,0.9767107963562012,0.9767107963562012,1.0098119974136353,0.7453787326812744,0.6396475434303284
297,59499,0.9757524132728577,0.9757524132728577,,,,,,
297,59599,0.9004100561141968,0.9004100561141968,,,,,,
297,59599,,,0.5995872616767883,0.9793968200683594,0.9793968200683594,1.0136260986328125,0.7469033598899841,0.6346473693847656
298,59699,1.0102869272232056,1.0102869272232056,,,,,,
298,59799,1.0235271453857422,1.0235271453857422,,,,,,
298,59799,,,0.5997170805931091,0.9763309359550476,0.9763309359550476,1.0189887285232544,0.745686948299408,0.6304130554199219
299,59899,0.9704704284667969,0.9704704284667969,,,,,,
299,59999,0.9983196258544922,0.9983196258544922,,,,,,
299,59999,,,0.5987406373023987,0.973527193069458,0.973527193069458,1.0101127624511719,0.7435553073883057,0.6367257237434387
300,60099,1.0057257413864136,1.0057257413864136,,,,,,
300,60199,0.7846118211746216,0.7846118211746216,,,,,,
300,60199,,,0.5934336185455322,0.971895694732666,0.971895694732666,1.022896409034729,0.7430862188339233,0.6282433867454529
301,60299,0.9798641204833984,0.9798641204833984,,,,,,
301,60399,1.017673134803772,1.017673134803772,,,,,,
301,60399,,,0.597853422164917,0.9726829528808594,0.9726829528808594,1.0118097066879272,0.7440523505210876,0.6368656754493713
302,60499,1.0085811614990234,1.0085811614990234,,,,,,
302,60599,1.008521556854248,1.008521556854248,,,,,,
302,60599,,,0.5987200140953064,0.9739776849746704,0.9739776849746704,1.0172929763793945,0.7461560368537903,0.6299755573272705
303,60699,0.9006169438362122,0.9006169438362122,,,,,,
303,60799,1.0339490175247192,1.0339490175247192,,,,,,
303,60799,,,0.5963116884231567,0.9701808094978333,0.9701808094978333,1.007758378982544,0.7446385025978088,0.6378049254417419
304,60899,0.8951790928840637,0.8951790928840637,,,,,,
304,60999,1.0199977159500122,1.0199977159500122,,,,,,
304,60999,,,0.6000696420669556,0.97231525182724,0.97231525182724,1.0162818431854248,0.7470637559890747,0.634573757648468
305,61099,1.1374739408493042,1.1374739408493042,,,,,,
305,61199,0.9301665425300598,0.9301665425300598,,,,,,
305,61199,,,0.5990447998046875,0.970942497253418,0.970942497253418,1.0112491846084595,0.7445653080940247,0.6330922842025757
306,61299,0.9215176701545715,0.9215176701545715,,,,,,
306,61399,0.9299665093421936,0.9299665093421936,,,,,,
306,61399,,,0.5992113351821899,0.9711458086967468,0.9711458086967468,1.0156075954437256,0.7448335289955139,0.6320496201515198
307,61499,0.9759303331375122,0.9759303331375122,,,,,,
307,61599,0.9731019139289856,0.9731019139289856,,,,,,
307,61599,,,0.5964282751083374,0.9697483777999878,0.9697483777999878,1.006029486656189,0.7435535192489624,0.6384466290473938
308,61699,1.0224380493164062,1.0224380493164062,,,,,,
308,61799,0.8963624835014343,0.8963624835014343,,,,,,
308,61799,,,0.5947309732437134,0.9728524684906006,0.9728524684906006,1.0128357410430908,0.745215117931366,0.6312038898468018
309,61899,0.9339072704315186,0.9339072704315186,,,,,,
309,61999,0.8913430571556091,0.8913430571556091,,,,,,
309,61999,,,0.5967382788658142,0.9716401696205139,0.9716401696205139,1.0104297399520874,0.7445666790008545,0.6356764435768127
310,62099,0.8684008717536926,0.8684008717536926,,,,,,
310,62199,0.9165608286857605,0.9165608286857605,,,,,,
310,62199,,,0.5946164727210999,0.9692299962043762,0.9692299962043762,1.0094090700149536,0.7414728403091431,0.6377452611923218
311,62299,0.9428858757019043,0.9428858757019043,,,,,,
311,62399,0.8997640013694763,0.8997640013694763,,,,,,
311,62399,,,0.5957021117210388,0.9678475856781006,0.9678475856781006,1.0139135122299194,0.7440266013145447,0.6348336935043335
312,62499,0.9663009643554688,0.9663009643554688,,,,,,
312,62599,0.9427754282951355,0.9427754282951355,,,,,,
312,62599,,,0.5905943512916565,0.9689231514930725,0.9689231514930725,1.0190904140472412,0.7414478063583374,0.6269060373306274
313,62699,1.0448198318481445,1.0448198318481445,,,,,,
313,62799,1.035466194152832,1.035466194152832,,,,,,
313,62799,,,0.5937621593475342,0.9697146415710449,0.9697146415710449,1.0093814134597778,0.7455608248710632,0.6333031058311462
314,62899,1.046952486038208,1.046952486038208,,,,,,
314,62999,0.9785062670707703,0.9785062670707703,,,,,,
314,62999,,,0.5942292809486389,0.9675242304801941,0.9675242304801941,1.0046446323394775,0.741567850112915,0.6371196508407593
315,63099,0.9184979200363159,0.9184979200363159,,,,,,
315,63199,0.9046376347541809,0.9046376347541809,,,,,,
315,63199,,,0.5924853682518005,0.9645059108734131,0.9645059108734131,1.0209558010101318,0.7448827028274536,0.6268731355667114
316,63299,0.8126047253608704,0.8126047253608704,,,,,,
316,63399,0.9040200710296631,0.9040200710296631,,,,,,
316,63399,,,0.5927404165267944,0.9638151526451111,0.9638151526451111,1.0092917680740356,0.7431240677833557,0.6346421241760254
317,63499,0.9152962565422058,0.9152962565422058,,,,,,
317,63599,1.0084049701690674,1.0084049701690674,,,,,,
317,63599,,,0.5940728187561035,0.9667823910713196,0.9667823910713196,1.0100419521331787,0.7423734664916992,0.6332373023033142
318,63699,1.0126571655273438,1.0126571655273438,,,,,,
318,63799,0.9005403518676758,0.9005403518676758,,,,,,
318,63799,,,0.5925300717353821,0.9646870493888855,0.9646870493888855,1.0144686698913574,0.7420306205749512,0.6336110830307007
319,63899,0.9932664036750793,0.9932664036750793,,,,,,
319,63999,1.0262987613677979,1.0262987613677979,,,,,,
319,63999,,,0.5936965346336365,0.9654824137687683,0.9654824137687683,1.0141398906707764,0.7429912090301514,0.6315542459487915
320,64099,1.0652382373809814,1.0652382373809814,,,,,,
320,64199,0.9488017559051514,0.9488017559051514,,,,,,
320,64199,,,0.5890957117080688,0.9643141031265259,0.9643141031265259,1.0128263235092163,0.7433518171310425,0.6259132623672485
321,64299,0.9967832565307617,0.9967832565307617,,,,,,
321,64399,0.9652922749519348,0.9652922749519348,,,,,,
321,64399,,,0.5936994552612305,0.9638566970825195,0.9638566970825195,1.0089799165725708,0.7434445023536682,0.6322144269943237
322,64499,1.1191036701202393,1.1191036701202393,,,,,,
322,64599,0.9273286461830139,0.9273286461830139,,,,,,
322,64599,,,0.5905721783638,0.9636245965957642,0.9636245965957642,1.013145923614502,0.7432515621185303,0.6292752623558044
323,64699,0.95222008228302,0.95222008228302,,,,,,
323,64799,0.9957102537155151,0.9957102537155151,,,,,,
323,64799,,,0.5884214043617249,0.9631060361862183,0.9631060361862183,1.0135886669158936,0.7443947792053223,0.6233401298522949
324,64899,1.0973316431045532,1.0973316431045532,,,,,,
324,64999,0.977541446685791,0.977541446685791,,,,,,
324,64999,,,0.5929813981056213,0.961106538772583,0.961106538772583,1.0137838125228882,0.7416735887527466,0.6315619349479675
325,65099,0.9080310463905334,0.9080310463905334,,,,,,
325,65199,0.8355607390403748,0.8355607390403748,,,,,,
325,65199,,,0.5931402444839478,0.9629140496253967,0.9629140496253967,1.0114145278930664,0.7443594336509705,0.6325253248214722
326,65299,0.8516702055931091,0.8516702055931091,,,,,,
326,65399,1.0169517993927002,1.0169517993927002,,,,,,
326,65399,,,0.5927816033363342,0.9617806077003479,0.9617806077003479,1.0143070220947266,0.7433451414108276,0.6297335624694824
327,65499,0.9817322492599487,0.9817322492599487,,,,,,
327,65599,1.000771164894104,1.000771164894104,,,,,,
327,65599,,,0.587506115436554,0.9608647227287292,0.9608647227287292,1.0148589611053467,0.7417727708816528,0.6292937397956848
328,65699,0.9377031326293945,0.9377031326293945,,,,,,
328,65799,0.8609877824783325,0.8609877824783325,,,,,,
328,65799,,,0.5895331501960754,0.9607283473014832,0.9607283473014832,1.0054216384887695,0.7414137721061707,0.6333916187286377
329,65899,0.8932170867919922,0.8932170867919922,,,,,,
329,65999,0.8079383373260498,0.8079383373260498,,,,,,
329,65999,,,0.5922202467918396,0.9629933834075928,0.9629933834075928,1.008947730064392,0.746526837348938,0.6376408338546753
330,66099,0.862301766872406,0.862301766872406,,,,,,
330,66199,0.931154191493988,0.931154191493988,,,,,,
330,66199,,,0.5894187688827515,0.9600508213043213,0.9600508213043213,1.0125993490219116,0.7424901723861694,0.6317655444145203
331,66299,0.9311480522155762,0.9311480522155762,,,,,,
331,66399,0.9394891262054443,0.9394891262054443,,,,,,
331,66399,,,0.5919084548950195,0.9586264491081238,0.9586264491081238,1.0090185403823853,0.743421196937561,0.6328675746917725
332,66499,0.8762232661247253,0.8762232661247253,,,,,,
332,66599,0.9733351469039917,0.9733351469039917,,,,,,
332,66599,,,0.5884698629379272,0.9597926735877991,0.9597926735877991,1.00905442237854,0.7408552765846252,0.6351290345191956
333,66699,0.8873240947723389,0.8873240947723389,,,,,,
333,66799,0.9612001180648804,0.9612001180648804,,,,,,
333,66799,,,0.5873797535896301,0.9584097862243652,0.9584097862243652,1.0091725587844849,0.7419134974479675,0.6319721341133118
334,66899,1.0389854907989502,1.0389854907989502,,,,,,
334,66999,0.9780654311180115,0.9780654311180115,,,,,,
334,66999,,,0.5879616737365723,0.9594067335128784,0.9594067335128784,1.0137557983398438,0.7412692904472351,0.6315720677375793
335,67099,1.0087425708770752,1.0087425708770752,,,,,,
335,67199,0.9689964056015015,0.9689964056015015,,,,,,
335,67199,,,0.5886874198913574,0.9569067358970642,0.9569067358970642,1.0106558799743652,0.7407888770103455,0.6307201385498047
336,67299,0.9754987359046936,0.9754987359046936,,,,,,
336,67399,1.0322195291519165,1.0322195291519165,,,,,,
336,67399,,,0.5841701626777649,0.9571004509925842,0.9571004509925842,1.0180100202560425,0.7430078983306885,0.6276010870933533
337,67499,1.0053640604019165,1.0053640604019165,,,,,,
337,67599,1.0715888738632202,1.0715888738632202,,,,,,
337,67599,,,0.5854213237762451,0.9564048051834106,0.9564048051834106,1.0182626247406006,0.7410402297973633,0.6231040954589844
338,67699,0.9869508743286133,0.9869508743286133,,,,,,
338,67799,0.9396291375160217,0.9396291375160217,,,,,,
338,67799,,,0.5891112089157104,0.9564212560653687,0.9564212560653687,1.0240777730941772,0.7423833012580872,0.62468022108078
339,67899,1.0154081583023071,1.0154081583023071,,,,,,
339,67999,0.8320823311805725,0.8320823311805725,,,,,,
339,67999,,,0.5865870714187622,0.9568703174591064,0.9568703174591064,1.0120253562927246,0.7430511713027954,0.6307802796363831
340,68099,0.9304777979850769,0.9304777979850769,,,,,,
340,68199,0.8131495714187622,0.8131495714187622,,,,,,
340,68199,,,0.5867007374763489,0.9575172662734985,0.9575172662734985,1.0183207988739014,0.7435351014137268,0.6251323819160461
341,68299,0.9032400846481323,0.9032400846481323,,,,,,
341,68399,0.9373608827590942,0.9373608827590942,,,,,,
341,68399,,,0.5878304243087769,0.9552159905433655,0.9552159905433655,1.0078128576278687,0.7413030862808228,0.6313055157661438
342,68499,1.0696063041687012,1.0696063041687012,,,,,,
342,68599,1.0081645250320435,1.0081645250320435,,,,,,
342,68599,,,0.5866291522979736,0.9573542475700378,0.9573542475700378,1.016823172569275,0.7411409616470337,0.623508095741272
343,68699,1.0645017623901367,1.0645017623901367,,,,,,
343,68799,0.9993362426757812,0.9993362426757812,,,,,,
343,68799,,,0.5915257930755615,0.9559848308563232,0.9559848308563232,1.0113475322723389,0.7408767342567444,0.6300175786018372
344,68899,0.9184471964836121,0.9184471964836121,,,,,,
344,68999,0.8621405363082886,0.8621405363082886,,,,,,
344,68999,,,0.5873808860778809,0.9553176164627075,0.9553176164627075,1.0139107704162598,0.7413201332092285,0.6314777135848999
345,69099,0.8916455507278442,0.8916455507278442,,,,,,
345,69199,0.8943805694580078,0.8943805694580078,,,,,,
345,69199,,,0.5863077044487,0.9551163911819458,0.9551163911819458,1.0163947343826294,0.7429179549217224,0.626471221446991
346,69299,0.9194753170013428,0.9194753170013428,,,,,,
346,69399,0.8755177855491638,0.8755177855491638,,,,,,
346,69399,,,0.5820383429527283,0.9562377333641052,0.9562377333641052,1.014914870262146,0.7415614128112793,0.6233630180358887
347,69499,0.8853722810745239,0.8853722810745239,,,,,,
347,69599,1.049912691116333,1.049912691116333,,,,,,
347,69599,,,0.5867058634757996,0.9538661241531372,0.9538661241531372,1.0147690773010254,0.7410141229629517,0.6268396973609924
348,69699,0.981891930103302,0.981891930103302,,,,,,
348,69799,1.0633413791656494,1.0633413791656494,,,,,,
348,69799,,,0.5849718451499939,0.9551302194595337,0.9551302194595337,1.0154527425765991,0.7432868480682373,0.628292441368103
349,69899,1.0617531538009644,1.0617531538009644,,,,,,
349,69999,0.8874396085739136,0.8874396085739136,,,,,,
349,69999,,,0.582538366317749,0.9553850293159485,0.9553850293159485,1.01691734790802,0.7410483360290527,0.6225056052207947
350,70099,0.9587230682373047,0.9587230682373047,,,,,,
350,70199,0.9611530303955078,0.9611530303955078,,,,,,
350,70199,,,0.5855376720428467,0.9546574354171753,0.9546574354171753,1.0159459114074707,0.7428074479103088,0.6271679997444153
351,70299,0.8754258155822754,0.8754258155822754,,,,,,
351,70399,0.9032157063484192,0.9032157063484192,,,,,,
351,70399,,,0.5886032581329346,0.9528508186340332,0.9528508186340332,1.0078701972961426,0.7409221529960632,0.6337895393371582
352,70499,0.910304605960846,0.910304605960846,,,,,,
352,70599,1.1267699003219604,1.1267699003219604,,,,,,
352,70599,,,0.5862805247306824,0.9549006819725037,0.9549006819725037,1.0100014209747314,0.7406099438667297,0.6299471855163574
353,70699,0.8865032196044922,0.8865032196044922,,,,,,
353,70799,1.0009939670562744,1.0009939670562744,,,,,,
353,70799,,,0.5838534235954285,0.9534860253334045,0.9534860253334045,1.0075159072875977,0.7405667304992676,0.6328235864639282
354,70899,0.9971787333488464,0.9971787333488464,,,,,,
354,70999,0.9357036352157593,0.9357036352157593,,,,,,
354,70999,,,0.5851450562477112,0.9540488719940186,0.9540488719940186,1.0136553049087524,0.7413862943649292,0.6261554956436157
355,71099,0.9554851055145264,0.9554851055145264,,,,,,
355,71199,0.9313879013061523,0.9313879013061523,,,,,,
355,71199,,,0.5831917524337769,0.952926754951477,0.952926754951477,1.014631748199463,0.7408102750778198,0.6261593699455261
356,71299,1.0162973403930664,1.0162973403930664,,,,,,
356,71399,0.8973627090454102,0.8973627090454102,,,,,,
356,71399,,,0.5839768052101135,0.9537993669509888,0.9537993669509888,1.011981725692749,0.742189884185791,0.6295328140258789
357,71499,1.0240753889083862,1.0240753889083862,,,,,,
357,71599,0.8633384704589844,0.8633384704589844,,,,,,
357,71599,,,0.5827139616012573,0.9529509544372559,0.9529509544372559,1.0134849548339844,0.7419840097427368,0.6255180835723877
358,71699,0.9731057286262512,0.9731057286262512,,,,,,
358,71799,0.975710391998291,0.975710391998291,,,,,,
358,71799,,,0.5856214165687561,0.9531494379043579,0.9531494379043579,1.0125150680541992,0.7426299452781677,0.6277613639831543
359,71899,0.9539980888366699,0.9539980888366699,,,,,,
359,71999,0.9177204966545105,0.9177204966545105,,,,,,
359,71999,,,0.5843400955200195,0.9529393315315247,0.9529393315315247,1.02110755443573,0.7415612936019897,0.6239483952522278
360,72099,0.975672721862793,0.975672721862793,,,,,,
360,72199,0.840726375579834,0.840726375579834,,,,,,
360,72199,,,0.5879421234130859,0.9530670642852783,0.9530670642852783,1.015702486038208,0.7421244382858276,0.6250479221343994
361,72299,1.0011818408966064,1.0011818408966064,,,,,,
361,72399,0.8893542289733887,0.8893542289733887,,,,,,
361,72399,,,0.5861080884933472,0.9532778263092041,0.9532778263092041,1.013669490814209,0.7402276396751404,0.6286765933036804
362,72499,0.9727247953414917,0.9727247953414917,,,,,,
362,72599,0.9588794708251953,0.9588794708251953,,,,,,
362,72599,,,0.5863551497459412,0.9540029764175415,0.9540029764175415,1.0140509605407715,0.7425791025161743,0.6265565752983093
363,72699,1.097385287284851,1.097385287284851,,,,,,
363,72799,0.882451057434082,0.882451057434082,,,,,,
363,72799,,,0.5849860906600952,0.9531915783882141,0.9531915783882141,1.015861988067627,0.7414078116416931,0.6278359889984131
364,72899,1.0129667520523071,1.0129667520523071,,,,,,
364,72999,0.9105755686759949,0.9105755686759949,,,,,,
364,72999,,,0.5830656290054321,0.9528138637542725,0.9528138637542725,1.0167202949523926,0.7420679330825806,0.626733660697937
365,73099,1.0520802736282349,1.0520802736282349,,,,,,
365,73199,0.9379300475120544,0.9379300475120544,,,,,,
365,73199,,,0.5842015147209167,0.9533531665802002,0.9533531665802002,1.0186034440994263,0.7426666021347046,0.624797523021698
366,73299,0.9393883943557739,0.9393883943557739,,,,,,
366,73399,0.8688807487487793,0.8688807487487793,,,,,,
366,73399,,,0.5841105580329895,0.9527795314788818,0.9527795314788818,1.0121684074401855,0.7413687109947205,0.628024160861969
367,73499,0.9871670603752136,0.9871670603752136,,,,,,
367,73599,1.049045205116272,1.049045205116272,,,,,,
367,73599,,,0.5849943161010742,0.9529091715812683,0.9529091715812683,1.0142836570739746,0.7425346374511719,0.6276905536651611
368,73699,0.9084516167640686,0.9084516167640686,,,,,,
368,73799,0.9325199127197266,0.9325199127197266,,,,,,
368,73799,,,0.5818403959274292,0.9524064660072327,0.9524064660072327,1.0157551765441895,0.7409371137619019,0.6247926950454712
369,73899,0.9151997566223145,0.9151997566223145,,,,,,
369,73999,0.8649125099182129,0.8649125099182129,,,,,,
369,73999,,,0.5850256085395813,0.9523512125015259,0.9523512125015259,1.016387701034546,0.7415158748626709,0.6240848898887634
370,74099,0.9511508941650391,0.9511508941650391,,,,,,
370,74199,0.9419917464256287,0.9419917464256287,,,,,,
370,74199,,,0.5793832540512085,0.9524128437042236,0.9524128437042236,1.0149264335632324,0.7395803928375244,0.6250266432762146
371,74299,1.021360993385315,1.021360993385315,,,,,,
371,74399,0.8707728385925293,0.8707728385925293,,,,,,
371,74399,,,0.5855003595352173,0.9520004391670227,0.9520004391670227,1.0152801275253296,0.7418942451477051,0.6249738931655884
372,74499,0.9244752526283264,0.9244752526283264,,,,,,
372,74599,0.9594639539718628,0.9594639539718628,,,,,,
372,74599,,,0.5843786001205444,0.9517062306404114,0.9517062306404114,1.0168817043304443,0.7415138483047485,0.6249111294746399
373,74699,0.9775466918945312,0.9775466918945312,,,,,,
373,74799,0.9397857189178467,0.9397857189178467,,,,,,
373,74799,,,0.5842117667198181,0.9510695934295654,0.9510695934295654,1.0138853788375854,0.7406624555587769,0.6259946823120117
374,74899,1.0047850608825684,1.0047850608825684,,,,,,
374,74999,0.8121592402458191,0.8121592402458191,,,,,,
374,74999,,,0.583838939666748,0.9512359499931335,0.9512359499931335,1.0138790607452393,0.7419030070304871,0.6261874437332153
375,75099,1.0156810283660889,1.0156810283660889,,,,,,
375,75199,0.9131139516830444,0.9131139516830444,,,,,,
375,75199,,,0.5856258869171143,0.9511151313781738,0.9511151313781738,1.0121039152145386,0.7404467463493347,0.6279320120811462
376,75299,0.9395043253898621,0.9395043253898621,,,,,,
376,75399,0.9540827870368958,0.9540827870368958,,,,,,
376,75399,,,0.5854459404945374,0.9514382481575012,0.9514382481575012,1.0146011114120483,0.7417106032371521,0.6283601522445679
377,75499,0.9481818675994873,0.9481818675994873,,,,,,
377,75599,0.9261232018470764,0.9261232018470764,,,,,,
377,75599,,,0.5838772058486938,0.9515371918678284,0.9515371918678284,1.014083981513977,0.7410215139389038,0.6269420385360718
378,75699,0.9414186477661133,0.9414186477661133,,,,,,
378,75799,0.8739478588104248,0.8739478588104248,,,,,,
378,75799,,,0.5834898352622986,0.9510485529899597,0.9510485529899597,1.017048954963684,0.7421467900276184,0.6262584328651428
379,75899,0.9003464579582214,0.9003464579582214,,,,,,
379,75999,0.9740334749221802,0.9740334749221802,,,,,,
379,75999,,,0.5814247131347656,0.9508414268493652,0.9508414268493652,1.0123217105865479,0.7392153739929199,0.627695620059967
380,76099,0.8889813423156738,0.8889813423156738,,,,,,
380,76199,0.8943847417831421,0.8943847417831421,,,,,,
380,76199,,,0.5849131941795349,0.9508503675460815,0.9508503675460815,1.0149329900741577,0.7429214119911194,0.6266015768051147
381,76299,0.9886500835418701,0.9886500835418701,,,,,,
381,76399,0.9847274422645569,0.9847274422645569,,,,,,
381,76399,,,0.5819087624549866,0.9511100053787231,0.9511100053787231,1.0155295133590698,0.7425004839897156,0.6265082955360413
382,76499,0.7925950884819031,0.7925950884819031,,,,,,
382,76599,0.9937124252319336,0.9937124252319336,,,,,,
382,76599,,,0.5845070481300354,0.9508538246154785,0.9508538246154785,1.0144784450531006,0.7418590784072876,0.6274150609970093
383,76699,1.0376715660095215,1.0376715660095215,,,,,,
383,76799,1.012721061706543,1.012721061706543,,,,,,
383,76799,,,0.5799944400787354,0.9508672952651978,0.9508672952651978,1.0142570734024048,0.7400243878364563,0.6257133483886719
384,76899,0.8379931449890137,0.8379931449890137,,,,,,
384,76999,1.0381828546524048,1.0381828546524048,,,,,,
384,76999,,,0.5849518775939941,0.9507601261138916,0.9507601261138916,1.0127456188201904,0.7423918843269348,0.6276518106460571
385,77099,1.0242953300476074,1.0242953300476074,,,,,,
385,77199,0.9490646123886108,0.9490646123886108,,,,,,
385,77199,,,0.5876016616821289,0.9506951570510864,0.9506951570510864,1.0146299600601196,0.7406021952629089,0.6275953054428101
386,77299,0.9094876646995544,0.9094876646995544,,,,,,
386,77399,1.011069893836975,1.011069893836975,,,,,,
386,77399,,,0.5852395296096802,0.9507884383201599,0.9507884383201599,1.0135682821273804,0.7400408983230591,0.6267720460891724
387,77499,1.0470879077911377,1.0470879077911377,,,,,,
387,77599,1.0290626287460327,1.0290626287460327,,,,,,
387,77599,,,0.5843951106071472,0.9506806135177612,0.9506806135177612,1.0146300792694092,0.7412866950035095,0.6265261173248291
388,77699,1.048548698425293,1.048548698425293,,,,,,
388,77799,0.8477507829666138,0.8477507829666138,,,,,,
388,77799,,,0.5841580033302307,0.9505643248558044,0.9505643248558044,1.014088749885559,0.7411470413208008,0.6263757348060608
389,77899,1.023970365524292,1.023970365524292,,,,,,
389,77999,0.828902006149292,0.828902006149292,,,,,,
389,77999,,,0.5865655541419983,0.950541079044342,0.950541079044342,1.0126447677612305,0.7405354380607605,0.6270776987075806
390,78099,0.8396435976028442,0.8396435976028442,,,,,,
390,78199,0.976198673248291,0.976198673248291,,,,,,
390,78199,,,0.583279013633728,0.9505601525306702,0.9505601525306702,1.0151851177215576,0.7420578002929688,0.6263204216957092
391,78299,1.0380500555038452,1.0380500555038452,,,,,,
391,78399,1.0631017684936523,1.0631017684936523,,,,,,
391,78399,,,0.586118221282959,0.9504393339157104,0.9504393339157104,1.0122284889221191,0.7419407963752747,0.6269296407699585
392,78499,0.9044074416160583,0.9044074416160583,,,,,,
392,78599,0.8643385767936707,0.8643385767936707,,,,,,
392,78599,,,0.5869013071060181,0.950432538986206,0.950432538986206,1.013561487197876,0.7419750094413757,0.627417802810669
393,78699,0.9712641835212708,0.9712641835212708,,,,,,
393,78799,0.9334885478019714,0.9334885478019714,,,,,,
393,78799,,,0.5862815380096436,0.9503682851791382,0.9503682851791382,1.0138218402862549,0.7416024208068848,0.6276670694351196
394,78899,0.82154381275177,0.82154381275177,,,,,,
394,78999,0.892400860786438,0.892400860786438,,,,,,
394,78999,,,0.5858209133148193,0.9503774642944336,0.9503774642944336,1.0143460035324097,0.7429987192153931,0.6273602247238159
395,79099,0.8417377471923828,0.8417377471923828,,,,,,
395,79199,0.9492278099060059,0.9492278099060059,,,,,,
395,79199,,,0.5802876353263855,0.9503672122955322,0.9503672122955322,1.0142107009887695,0.7422091960906982,0.6275497078895569
396,79299,0.9774274230003357,0.9774274230003357,,,,,,
396,79399,1.0597105026245117,1.0597105026245117,,,,,,
396,79399,,,0.5826702117919922,0.9503688812255859,0.9503688812255859,1.014508605003357,0.7405917048454285,0.6269900798797607
397,79499,1.0153347253799438,1.0153347253799438,,,,,,
397,79599,0.9122347831726074,0.9122347831726074,,,,,,
397,79599,,,0.5854430198669434,0.9503693580627441,0.9503693580627441,1.0126206874847412,0.7431540489196777,0.6269544959068298
398,79699,0.9033291935920715,0.9033291935920715,,,,,,
398,79799,1.0770976543426514,1.0770976543426514,,,,,,
398,79799,,,0.5821067094802856,0.950368344783783,0.950368344783783,1.0135124921798706,0.7421377301216125,0.6280260682106018
399,79899,0.8976598381996155,0.8976598381996155,,,,,,
399,79999,0.9160175323486328,0.9160175323486328,,,,,,
399,79999,,,0.5829964876174927,0.9503674507141113,0.9503674507141113,1.0126523971557617,0.7414467334747314,0.6275725364685059
